merchant_id,total_transactions,total_volume_processed,avg_transaction_amount,successful_transaction_rate,failure_rate,days_since_last_transaction,txns_last_30d,txns_prev_30d,volume_last_30d,volume_prev_30d,volume_change_pct_30d,num_payment_methods_used,merchant_age_days,business_type,churn_flag
m_000f075d63,10,494575.00,49457.500000,1.000000,0.000000,102,0,0,0.00,0.00,NULL,3,119,Enterprise,1
m_01b846e000,15,656846.00,43789.733333,1.000000,0.000000,92,0,0,0.00,0.00,NULL,3,141,SME,1
m_01e9a0b208,29,1093271.00,37699.000000,1.000000,0.000000,73,0,0,0.00,0.00,NULL,3,169,Enterprise,1
m_02f4599a40,245,9481635.00,38914.073469,0.995918,0.004081,0,68,61,2868089.00,2102762.00,0.363962,3,172,SME,0
m_03a6e19aa3,7,342019.00,48859.857142,1.000000,0.000000,107,0,0,0.00,0.00,NULL,3,135,SME,1
m_0428750f7d,4,167924.00,41981.000000,1.000000,0.000000,114,0,0,0.00,0.00,NULL,3,173,Enterprise,1
m_045d08bf26,227,8513765.00,37505.572687,1.000000,0.000000,0,50,61,2178517.00,2231077.00,-0.023558,3,140,SME,0
m_067751ce34,6,124925.00,20820.833333,1.000000,0.000000,114,0,0,0.00,0.00,NULL,3,168,Enterprise,1
m_06e4d0ee44,230,10068725.00,43777.065217,1.000000,0.000000,0,53,58,2140092.00,2846699.00,-0.248219,3,165,SME,0
m_075e13f3a4,20,816710.00,40835.500000,1.000000,0.000000,79,0,0,0.00,0.00,NULL,3,125,Enterprise,1
m_07ebc45136,19,883499.00,46499.947368,1.000000,0.000000,89,0,0,0.00,0.00,NULL,3,147,Enterprise,1
m_0819a74639,39,1706769.00,45660.384615,0.974358,0.025641,38,0,12,0.00,576019.00,-1.000000,3,151,Enterprise,1
m_0a33294aa4,205,7177582.00,35012.595121,1.000000,0.000000,11,31,61,1037934.00,1889184.00,-0.450591,3,138,SME,1
m_0b19e4df03,75,3034645.00,40461.933333,1.000000,0.000000,84,0,0,0.00,0.00,NULL,3,133,SME,1
m_0b63edeb9f,15,734283.00,48952.200000,1.000000,0.000000,97,0,0,0.00,0.00,NULL,3,152,SME,1
m_0c814b691f,12,538581.00,44881.750000,1.000000,0.000000,95,0,0,0.00,0.00,NULL,3,161,Enterprise,1
m_0cd0a5139b,14,568497.00,40606.928571,1.000000,0.000000,113,0,0,0.00,0.00,NULL,3,166,SME,1
m_0cd31d704f,66,2580554.00,39099.303030,1.000000,0.000000,2,14,17,445139.00,645384.00,-0.310272,3,143,SME,0
m_0e6fe2fdca,1,46956.00,46956.000000,1.000000,0.000000,133,0,0,0.00,0.00,NULL,1,141,Enterprise,1
m_0f9baa1676,187,7913834.00,42319.967914,1.000000,0.000000,22,19,53,852579.00,2182148.00,-0.609293,3,151,SME,1
m_1169f936bb,80,3380566.00,42257.075000,1.000000,0.000000,82,0,0,0.00,0.00,NULL,3,124,SME,1
m_11c30dc2e9,37,1653463.00,44688.189189,1.000000,0.000000,46,0,7,0.00,250759.00,-1.000000,3,144,SME,1
m_12872df906,24,936317.00,39013.208333,1.000000,0.000000,69,0,0,0.00,0.00,NULL,3,164,Enterprise,1
m_1382df1f71,30,1281909.00,45087.366666,0.966666,0.033333,64,0,0,0.00,0.00,NULL,3,141,SME,1
m_14591d2f1b,25,986845.00,39473.800000,1.000000,0.000000,78,0,0,0.00,0.00,NULL,3,152,SME,1
m_1521b5045d,67,2326808.00,34728.477611,1.000000,0.000000,0,19,17,721554.00,562760.00,0.282170,3,173,SME,0
m_16589a1b00,60,2633332.00,43888.866666,1.000000,0.000000,2,13,14,498311.00,754918.00,-0.339913,3,121,Enterprise,0
m_16e1660a09,57,2643866.00,46383.614035,1.000000,0.000000,0,16,13,882626.00,519655.00,0.698484,3,130,Enterprise,0
m_17043e6f5b,94,3395273.00,36119.925531,1.000000,0.000000,76,0,0,0.00,0.00,NULL,3,125,Enterprise,1
m_17210dcac4,155,6046347.00,39008.690322,1.000000,0.000000,39,0,37,0.00,1471951.00,-1.000000,3,122,Enterprise,1
m_181b8476e0,4,157310.00,39327.500000,1.000000,0.000000,116,0,0,0.00,0.00,NULL,2,145,SME,1
m_184699b8c1,186,7633855.00,41042.231182,1.000000,0.000000,27,7,57,324613.00,2255206.00,-0.856060,3,144,Enterprise,1
m_1a2b51f33c,235,9594858.00,40829.182978,1.000000,0.000000,0,68,52,2971923.00,1892818.00,0.570104,3,161,Enterprise,0
m_1a68c4cbb4,13,508852.00,39142.461538,1.000000,0.000000,113,0,0,0.00,0.00,NULL,3,130,Enterprise,1
m_1ac3590983,16,821725.00,51357.812500,1.000000,0.000000,95,0,0,0.00,0.00,NULL,3,138,SME,1
m_1bf89bce1c,5,146549.00,29309.800000,1.000000,0.000000,111,0,0,0.00,0.00,NULL,2,141,SME,1
m_1c18ca4f64,5,210913.00,42182.600000,1.000000,0.000000,105,0,0,0.00,0.00,NULL,2,124,SME,1
m_1c52d68aa6,108,4522205.00,41872.268518,1.000000,0.000000,65,0,0,0.00,0.00,NULL,3,119,SME,1
m_1ceb4d525d,18,704236.00,39124.222222,1.000000,0.000000,88,0,0,0.00,0.00,NULL,3,146,SME,1
m_1fa3a2c0aa,1,38963.00,38963.000000,1.000000,0.000000,162,0,0,0.00,0.00,NULL,1,174,SME,1
m_1fd1bf0a2b,3,61538.00,20512.666666,1.000000,0.000000,114,0,0,0.00,0.00,NULL,3,155,SME,1
m_2051e1ad5b,4,170002.00,42500.500000,1.000000,0.000000,111,0,0,0.00,0.00,NULL,2,144,SME,1
m_22833a3a43,10,536825.00,53682.500000,1.000000,0.000000,96,0,0,0.00,0.00,NULL,3,133,SME,1
m_22b9004798,19,813786.00,44837.842105,0.947368,0.052631,83,0,0,0.00,0.00,NULL,3,126,Enterprise,1
m_23584e377a,23,947531.00,41197.000000,1.000000,0.000000,76,0,0,0.00,0.00,NULL,3,128,SME,1
m_237772a721,24,718247.00,29926.958333,1.000000,0.000000,74,0,0,0.00,0.00,NULL,3,162,SME,1
m_23c3c28070,173,7051447.00,40759.809248,1.000000,0.000000,36,0,53,0.00,2031631.00,-1.000000,3,136,SME,1
m_2414ba1714,56,2062606.00,36832.250000,1.000000,0.000000,3,12,14,318640.00,607737.00,-0.475694,3,165,Enterprise,1
m_2472aa89db,9,317200.00,35244.444444,1.000000,0.000000,94,0,0,0.00,0.00,NULL,3,120,SME,1
m_24c4fe5068,38,1528434.00,40221.947368,1.000000,0.000000,45,0,7,0.00,332377.00,-1.000000,3,122,Enterprise,1
m_250c027d7e,8,277157.00,34644.625000,1.000000,0.000000,106,0,0,0.00,0.00,NULL,3,126,Enterprise,1
m_250c87aa54,17,788786.00,46399.176470,1.000000,0.000000,85,0,0,0.00,0.00,NULL,3,131,SME,1
m_26247f35f0,1,65528.00,65528.000000,1.000000,0.000000,162,0,0,0.00,0.00,NULL,1,176,Enterprise,1
m_282750b3a4,91,3408725.00,37458.516483,1.000000,0.000000,73,0,0,0.00,0.00,NULL,3,161,Enterprise,1
m_28a4e23781,50,2082791.00,41655.820000,1.000000,0.000000,0,11,12,400072.00,590725.00,-0.322744,3,156,Enterprise,0
m_292333b8ef,21,865030.00,41191.904761,1.000000,0.000000,92,0,0,0.00,0.00,NULL,3,118,Enterprise,1
m_2988f6eef7,29,1376159.00,47453.758620,1.000000,0.000000,60,0,1,0.00,37747.00,-1.000000,3,117,Enterprise,1
m_29ca273889,230,9614460.00,41802.000000,1.000000,0.000000,0,60,58,2397076.00,2463671.00,-0.027030,3,148,SME,0
m_29df738521,159,6327365.00,39794.748427,1.000000,0.000000,42,0,38,0.00,1653666.00,-1.000000,3,150,SME,1
m_29fa4af120,18,544960.00,30275.555555,1.000000,0.000000,111,0,0,0.00,0.00,NULL,3,158,Enterprise,1
m_2b65e6087c,31,1358587.00,45173.354838,0.967741,0.032258,72,0,0,0.00,0.00,NULL,3,139,Enterprise,1
m_2b87c6392f,18,557199.00,30955.500000,1.000000,0.000000,91,0,0,0.00,0.00,NULL,3,137,Enterprise,1
m_2c89fbd79c,11,312747.00,28431.545454,1.000000,0.000000,105,0,0,0.00,0.00,NULL,3,119,SME,1
m_2d480b2df9,46,1866920.00,40585.217391,1.000000,0.000000,28,1,15,51757.00,644406.00,-0.919682,3,119,Enterprise,1
m_2e0c794d1b,57,2414009.00,42351.035087,1.000000,0.000000,23,3,19,130205.00,659164.00,-0.802469,3,119,SME,1
m_2fc28d4a6b,70,2640429.00,37720.414285,1.000000,0.000000,82,0,0,0.00,0.00,NULL,3,148,Enterprise,1
m_2ff40be70a,14,521903.00,37278.785714,1.000000,0.000000,91,0,0,0.00,0.00,NULL,3,163,Enterprise,1
m_30315e8abb,1,48300.00,48300.000000,1.000000,0.000000,124,0,0,0.00,0.00,NULL,1,140,Enterprise,1
m_3095be967f,40,1631768.00,40794.200000,1.000000,0.000000,99,0,0,0.00,0.00,NULL,3,142,Enterprise,1
m_3098bbde3c,42,1636726.00,38969.666666,1.000000,0.000000,100,0,0,0.00,0.00,NULL,3,122,Enterprise,1
m_309a636592,89,3529693.00,39659.471910,1.000000,0.000000,74,0,0,0.00,0.00,NULL,3,126,Enterprise,1
m_31822b607b,10,335858.00,37234.700000,0.900000,0.100000,114,0,0,0.00,0.00,NULL,3,175,Enterprise,1
m_321414b094,67,2296215.00,34271.865671,1.000000,0.000000,87,0,0,0.00,0.00,NULL,3,155,Enterprise,1
m_3343cdeae1,12,680560.00,56713.333333,1.000000,0.000000,99,0,0,0.00,0.00,NULL,3,132,SME,1
m_3372dbb15a,56,2472975.00,44160.267857,1.000000,0.000000,21,5,18,288846.00,740657.00,-0.610013,3,123,SME,1
m_35c27054bf,23,910140.00,39571.304347,1.000000,0.000000,73,0,0,0.00,0.00,NULL,3,128,Enterprise,1
m_366f98eda7,30,1352424.00,45080.800000,1.000000,0.000000,56,0,1,0.00,55044.00,-1.000000,3,151,Enterprise,1
m_36ab1e818f,41,1521593.00,37112.024390,1.000000,0.000000,41,0,11,0.00,456055.00,-1.000000,3,153,Enterprise,1
m_372504a9f0,16,576676.00,36042.250000,1.000000,0.000000,98,0,0,0.00,0.00,NULL,3,149,SME,1
m_3829da0d98,56,2121061.00,37876.089285,1.000000,0.000000,1,16,18,605965.00,571327.00,0.060627,3,165,SME,0
m_3a0b2655c2,19,659486.00,34709.789473,1.000000,0.000000,89,0,0,0.00,0.00,NULL,3,135,SME,1
m_3a67f3c3c3,41,1729068.00,42172.390243,1.000000,0.000000,23,2,11,96128.00,580743.00,-0.834474,3,136,Enterprise,1
m_3a9024559f,10,289526.00,28952.600000,1.000000,0.000000,103,0,0,0.00,0.00,NULL,3,169,SME,1
m_3add94cc04,21,823124.00,39196.380952,1.000000,0.000000,93,0,0,0.00,0.00,NULL,3,124,SME,1
m_3b6f5e7ab7,4,137977.00,34494.250000,1.000000,0.000000,115,0,0,0.00,0.00,NULL,2,159,SME,1
m_3b987f526e,29,979689.00,33782.379310,1.000000,0.000000,104,0,0,0.00,0.00,NULL,3,150,Enterprise,1
m_3ba995f686,20,904128.00,45206.400000,1.000000,0.000000,85,0,0,0.00,0.00,NULL,3,164,Enterprise,1
m_3bbc480854,6,124475.00,20745.833333,1.000000,0.000000,112,0,0,0.00,0.00,NULL,3,168,Enterprise,1
m_3bc40babf3,20,742686.00,37134.300000,1.000000,0.000000,75,0,0,0.00,0.00,NULL,3,154,SME,1
m_3dce738f35,1,58986.00,58986.000000,1.000000,0.000000,156,0,0,0.00,0.00,NULL,1,172,Enterprise,1
m_3ef8f43c97,2,34927.00,17463.500000,1.000000,0.000000,99,0,0,0.00,0.00,NULL,1,117,SME,1
m_3ff0ec631c,2,117260.00,58630.000000,1.000000,0.000000,118,0,0,0.00,0.00,NULL,2,137,Enterprise,1
m_4053ee70a0,118,4757831.00,40320.601694,1.000000,0.000000,59,0,5,0.00,221262.00,-1.000000,3,135,Enterprise,1
m_40f0ac96eb,83,3611986.00,43517.903614,1.000000,0.000000,78,0,0,0.00,0.00,NULL,3,154,Enterprise,1
m_437cf27b48,39,1455882.00,37330.307692,1.000000,0.000000,101,0,0,0.00,0.00,NULL,3,137,SME,1
m_43e41877e5,54,2022429.00,37452.388888,1.000000,0.000000,0,11,12,423390.00,488852.00,-0.133909,3,168,SME,1
m_476fd597f6,21,785545.00,37406.904761,1.000000,0.000000,74,0,0,0.00,0.00,NULL,3,170,Enterprise,1
m_478d1c7b15,6,177567.00,29594.500000,1.000000,0.000000,116,0,0,0.00,0.00,NULL,3,154,Enterprise,1
m_49ca3ee0b3,42,1780962.00,42403.857142,1.000000,0.000000,99,0,0,0.00,0.00,NULL,3,140,SME,1
m_4a698d8b4c,128,5256002.00,41062.515625,1.000000,0.000000,62,0,0,0.00,0.00,NULL,3,171,SME,1
m_4bc66994d6,48,2003382.00,41737.125000,1.000000,0.000000,35,0,17,0.00,638096.00,-1.000000,3,126,Enterprise,1
m_4bda98f51d,39,1583658.00,40606.615384,1.000000,0.000000,102,0,0,0.00,0.00,NULL,3,134,SME,1
m_4cb0ef01fc,52,2208855.00,42477.980769,1.000000,0.000000,94,0,0,0.00,0.00,NULL,3,151,SME,1
m_4d1676ece9,42,1610745.00,40208.071428,0.976190,0.023809,101,0,0,0.00,0.00,NULL,3,124,SME,1
m_4dba1746af,6,228295.00,38049.166666,1.000000,0.000000,112,0,0,0.00,0.00,NULL,3,162,SME,1
m_50ba87a2ef,14,633260.00,45232.857142,1.000000,0.000000,91,0,0,0.00,0.00,NULL,3,118,SME,1
m_50be243ae4,6,305818.00,50969.666666,1.000000,0.000000,113,0,0,0.00,0.00,NULL,2,143,SME,1
m_510e9da692,37,1515984.00,40972.540540,1.000000,0.000000,43,0,8,0.00,321314.00,-1.000000,3,141,Enterprise,1
m_51f5e8dc90,21,644730.00,33990.000000,0.952380,0.047619,109,0,0,0.00,0.00,NULL,3,149,Enterprise,1
m_5256ceaa87,19,810662.00,42666.421052,1.000000,0.000000,91,0,0,0.00,0.00,NULL,3,137,SME,1
m_53e1cf17dd,68,2813231.00,41371.044117,1.000000,0.000000,0,23,20,775483.00,1024771.00,-0.243262,3,125,SME,0
m_54d77390be,14,695967.00,49711.928571,1.000000,0.000000,90,0,0,0.00,0.00,NULL,3,130,SME,1
m_550aee8a05,14,535287.00,38234.785714,1.000000,0.000000,93,0,0,0.00,0.00,NULL,3,145,SME,1
m_563d65aed0,25,1024402.00,40976.080000,1.000000,0.000000,75,0,0,0.00,0.00,NULL,3,163,Enterprise,1
m_56a80ef3a4,3,166590.00,55530.000000,1.000000,0.000000,112,0,0,0.00,0.00,NULL,2,140,SME,1
m_570ff787b5,53,2172894.00,40998.000000,1.000000,0.000000,20,6,17,274933.00,705773.00,-0.610451,3,158,Enterprise,1
m_5817aa64f6,186,7375632.00,39653.935483,1.000000,0.000000,28,6,68,242139.00,2759680.00,-0.912258,3,138,SME,1
m_58e43f9326,7,211497.00,30213.857142,1.000000,0.000000,116,0,0,0.00,0.00,NULL,3,149,SME,1
m_59078bef32,22,1015983.00,46181.045454,1.000000,0.000000,80,0,0,0.00,0.00,NULL,3,165,Enterprise,1
m_59792d7346,49,1948773.00,39770.877551,1.000000,0.000000,20,6,18,252682.00,695302.00,-0.636586,3,174,SME,1
m_5af252200c,56,2189753.00,39102.732142,1.000000,0.000000,0,15,15,513718.00,539312.00,-0.047456,3,129,Enterprise,0
m_5cb0b41ff0,7,205190.00,36533.142857,0.857142,0.142857,112,0,0,0.00,0.00,NULL,2,133,SME,1
m_5d2e70eb02,12,437806.00,36483.833333,1.000000,0.000000,95,0,0,0.00,0.00,NULL,3,155,SME,1
m_5e7799257d,99,3682762.00,37199.616161,1.000000,0.000000,69,0,0,0.00,0.00,NULL,3,149,Enterprise,1
m_5eff2e78b7,2,116728.00,58364.000000,1.000000,0.000000,104,0,0,0.00,0.00,NULL,2,117,SME,1
m_614788b43e,83,3404744.00,41021.012048,1.000000,0.000000,77,0,0,0.00,0.00,NULL,3,146,SME,1
m_63f3a7cfaa,195,8172939.00,41912.507692,1.000000,0.000000,17,23,60,987861.00,2550076.00,-0.612615,3,176,Enterprise,1
m_640753638b,24,1087480.00,45311.666666,1.000000,0.000000,70,0,0,0.00,0.00,NULL,3,142,Enterprise,1
m_6410c62ac0,38,1660364.00,43693.789473,1.000000,0.000000,28,2,9,89935.00,445660.00,-0.798198,3,159,Enterprise,1
m_64355aa980,15,566411.00,37760.733333,1.000000,0.000000,89,0,0,0.00,0.00,NULL,3,117,SME,1
m_6485f0d614,3,122877.00,40959.000000,1.000000,0.000000,114,0,0,0.00,0.00,NULL,2,130,Enterprise,1
m_653a1a8a3d,34,1464557.00,44601.205882,0.970588,0.029411,66,0,0,0.00,0.00,NULL,3,156,Enterprise,1
m_65c3e0b150,237,9288866.00,39193.527426,1.000000,0.000000,0,65,61,2631375.00,2366267.00,0.112036,3,130,Enterprise,0
m_661674c0c0,46,1734020.00,37696.086956,1.000000,0.000000,29,1,17,58041.00,618642.00,-0.906179,3,151,Enterprise,1
m_661ab8544c,5,204743.00,40948.600000,1.000000,0.000000,110,0,0,0.00,0.00,NULL,1,175,SME,1
m_66d24572cc,246,10294758.00,41848.609756,1.000000,0.000000,0,60,71,2687664.00,2918773.00,-0.079180,3,163,SME,0
m_66e80bba52,222,8887950.00,40035.810810,1.000000,0.000000,0,58,54,2480717.00,2139780.00,0.159332,3,164,Enterprise,0
m_674316adbd,20,664537.00,33226.850000,1.000000,0.000000,92,0,0,0.00,0.00,NULL,3,172,SME,1
m_67607d7b67,1,63609.00,63609.000000,1.000000,0.000000,131,0,0,0.00,0.00,NULL,1,147,Enterprise,1
m_677a0b5879,80,2965490.00,37068.625000,1.000000,0.000000,80,0,0,0.00,0.00,NULL,3,150,Enterprise,1
m_6a985a222c,5,136141.00,27228.200000,1.000000,0.000000,110,0,0,0.00,0.00,NULL,2,153,SME,1
m_6aed2f1bc2,75,3279250.00,43723.333333,1.000000,0.000000,79,0,0,0.00,0.00,NULL,3,159,Enterprise,1
m_6c8da33c57,25,1114556.00,44582.240000,1.000000,0.000000,74,0,0,0.00,0.00,NULL,3,155,SME,1
m_70285871e0,17,631167.00,37127.470588,1.000000,0.000000,103,0,0,0.00,0.00,NULL,3,120,Enterprise,1
m_7053f46f2e,36,1422516.00,41735.222222,0.972222,0.027777,54,0,2,0.00,95321.00,-1.000000,3,171,SME,1
m_70863806eb,3,121500.00,40500.000000,1.000000,0.000000,115,0,0,0.00,0.00,NULL,3,154,Enterprise,1
m_70b2998001,14,525150.00,37510.714285,1.000000,0.000000,98,0,0,0.00,0.00,NULL,3,136,SME,1
m_70b56d545d,9,454127.00,50458.555555,1.000000,0.000000,100,0,0,0.00,0.00,NULL,3,132,Enterprise,1
m_70ef414429,41,1893902.00,46192.731707,1.000000,0.000000,55,0,4,0.00,126311.00,-1.000000,3,158,SME,1
m_7243af85da,23,1064706.00,46291.565217,1.000000,0.000000,65,0,0,0.00,0.00,NULL,3,155,Enterprise,1
m_72932eece9,56,2166778.00,38692.464285,1.000000,0.000000,19,6,18,358964.00,672325.00,-0.466085,3,174,Enterprise,1
m_729489e917,46,1926881.00,41888.717391,1.000000,0.000000,28,1,14,44222.00,570472.00,-0.922481,3,149,Enterprise,1
m_72de4cd20d,5,233283.00,46656.600000,1.000000,0.000000,110,0,0,0.00,0.00,NULL,3,133,Enterprise,1
m_73062da649,21,792565.00,37741.190476,1.000000,0.000000,85,0,0,0.00,0.00,NULL,3,167,SME,1
m_73d8b36703,59,2424227.00,41088.593220,1.000000,0.000000,1,14,14,456025.00,657205.00,-0.306114,3,168,SME,0
m_7477acaa3d,24,1131842.00,47160.083333,1.000000,0.000000,64,0,0,0.00,0.00,NULL,3,137,Enterprise,1
m_757792376b,19,802031.00,42212.157894,1.000000,0.000000,94,0,0,0.00,0.00,NULL,3,118,SME,1
m_757e118272,11,474976.00,43179.636363,1.000000,0.000000,99,0,0,0.00,0.00,NULL,3,128,Enterprise,1
m_75d0daff2b,65,2493237.00,38357.492307,1.000000,0.000000,2,12,19,529829.00,724376.00,-0.268571,3,174,Enterprise,1
m_7619409c0c,39,1115276.00,29727.384615,0.974358,0.025641,52,0,7,0.00,359000.00,-1.000000,3,148,Enterprise,1
m_771d35c6c7,18,732947.00,40719.277777,1.000000,0.000000,108,0,0,0.00,0.00,NULL,3,143,Enterprise,1
m_7902fd912b,15,659445.00,43963.000000,1.000000,0.000000,90,0,0,0.00,0.00,NULL,3,152,Enterprise,1
m_795340fd40,75,3040510.00,40540.133333,1.000000,0.000000,81,0,0,0.00,0.00,NULL,3,162,Enterprise,1
m_79e8d26561,5,150442.00,30088.400000,1.000000,0.000000,116,0,0,0.00,0.00,NULL,2,157,SME,1
m_7a0ab9a43b,9,181135.00,20126.111111,1.000000,0.000000,106,0,0,0.00,0.00,NULL,3,160,Enterprise,1
m_7b0b332148,48,2142089.00,44626.854166,1.000000,0.000000,42,0,13,0.00,442323.00,-1.000000,3,138,SME,1
m_7b4d7a2894,197,8443383.00,42859.812182,1.000000,0.000000,20,20,62,942508.00,2447419.00,-0.614897,3,127,Enterprise,1
m_7cf231f57f,5,157315.00,31463.000000,1.000000,0.000000,104,0,0,0.00,0.00,NULL,3,175,Enterprise,1
m_7d194318d1,11,675351.00,61395.545454,1.000000,0.000000,98,0,0,0.00,0.00,NULL,3,165,Enterprise,1
m_7ddddf7c98,37,1292052.00,34920.324324,1.000000,0.000000,40,0,13,0.00,462404.00,-1.000000,3,161,SME,1
m_7e882ba60b,18,867175.00,48176.388888,1.000000,0.000000,111,0,0,0.00,0.00,NULL,3,144,Enterprise,1
m_7eeeba7574,4,173700.00,43425.000000,1.000000,0.000000,105,0,0,0.00,0.00,NULL,3,123,Enterprise,1
m_7f0123dd7d,53,2312679.00,43635.452830,1.000000,0.000000,30,0,18,0.00,830400.00,-1.000000,3,174,Enterprise,1
m_7f7d8e35d9,64,2687062.00,41985.343750,1.000000,0.000000,0,18,15,756962.00,640295.00,0.182208,3,147,SME,0
m_7f89edd5d5,28,1162033.00,41501.178571,1.000000,0.000000,103,0,0,0.00,0.00,NULL,3,168,SME,1
m_7faa403cea,79,3210088.00,40634.025316,1.000000,0.000000,78,0,0,0.00,0.00,NULL,3,153,SME,1
m_8069042711,5,165170.00,33034.000000,1.000000,0.000000,113,0,0,0.00,0.00,NULL,2,160,SME,1
m_8072e002cd,54,2334590.00,43233.148148,1.000000,0.000000,15,11,14,501298.00,610204.00,-0.178474,3,165,SME,1
m_80a272248c,42,1529072.00,36406.476190,1.000000,0.000000,56,0,2,0.00,98717.00,-1.000000,3,119,SME,1
m_80ace90443,14,491835.00,35131.071428,1.000000,0.000000,113,0,0,0.00,0.00,NULL,3,126,SME,1
m_8118a3d422,3,101691.00,33897.000000,1.000000,0.000000,118,0,0,0.00,0.00,NULL,2,144,SME,1
m_81efeda3e4,234,9912970.00,42363.119658,1.000000,0.000000,0,57,56,2166963.00,2664797.00,-0.186818,3,152,Enterprise,0
m_823631e4b9,25,1233086.00,51761.600000,0.960000,0.040000,80,0,0,0.00,0.00,NULL,3,128,Enterprise,1
m_83f2a0659c,4,117825.00,29456.250000,1.000000,0.000000,115,0,0,0.00,0.00,NULL,1,132,SME,1
m_842c3a84a3,63,2511887.00,39871.222222,1.000000,0.000000,89,0,0,0.00,0.00,NULL,3,175,SME,1
m_8450ac37b4,34,1474736.00,43374.588235,1.000000,0.000000,62,0,0,0.00,0.00,NULL,3,119,Enterprise,1
m_85083dd0f0,90,3601180.00,40013.111111,1.000000,0.000000,75,0,0,0.00,0.00,NULL,3,142,Enterprise,1
m_879aa4758c,10,468391.00,46839.100000,1.000000,0.000000,102,0,0,0.00,0.00,NULL,3,167,SME,1
m_87be9b1af6,30,1263152.00,42476.800000,0.966666,0.033333,105,0,0,0.00,0.00,NULL,3,132,SME,1
m_898ded2410,8,400638.00,50079.750000,1.000000,0.000000,104,0,0,0.00,0.00,NULL,3,161,Enterprise,1
m_8a19a2f57a,17,585950.00,34467.647058,1.000000,0.000000,87,0,0,0.00,0.00,NULL,3,162,Enterprise,1
m_8ae2078642,143,6257430.00,43758.251748,1.000000,0.000000,52,0,20,0.00,1025653.00,-1.000000,3,120,Enterprise,1
m_8da4c18fe0,26,1284952.00,49421.230769,1.000000,0.000000,106,0,0,0.00,0.00,NULL,3,139,Enterprise,1
m_8dfaae8206,7,353524.00,50503.428571,1.000000,0.000000,103,0,0,0.00,0.00,NULL,3,141,SME,1
m_8e03759679,7,298082.00,42583.142857,1.000000,0.000000,106,0,0,0.00,0.00,NULL,3,130,Enterprise,1
m_8e72acadfe,5,225340.00,45068.000000,1.000000,0.000000,113,0,0,0.00,0.00,NULL,3,131,SME,1
m_8ea0fd18f2,31,1204386.00,38851.161290,1.000000,0.000000,59,0,1,0.00,54598.00,-1.000000,3,129,SME,1
m_8f52ee4bb0,12,330072.00,27506.000000,1.000000,0.000000,102,0,0,0.00,0.00,NULL,3,142,SME,1
m_8f8863c047,6,266299.00,44383.166666,1.000000,0.000000,117,0,0,0.00,0.00,NULL,3,156,Enterprise,1
m_90203a4037,86,3440711.00,40008.267441,1.000000,0.000000,81,0,0,0.00,0.00,NULL,3,145,SME,1
m_90b3df7a8a,47,1778663.00,37843.893617,1.000000,0.000000,17,5,12,115902.00,583420.00,-0.801340,3,173,SME,1
m_9112550cdc,125,5405153.00,43241.224000,1.000000,0.000000,57,0,9,0.00,422758.00,-1.000000,3,154,Enterprise,1
m_9213804792,6,216932.00,36155.333333,1.000000,0.000000,104,0,0,0.00,0.00,NULL,3,123,SME,1
m_92ec3c0811,1,20051.00,20051.000000,1.000000,0.000000,127,0,0,0.00,0.00,NULL,1,143,SME,1
m_9432f62506,42,1750149.00,41670.214285,1.000000,0.000000,23,4,10,170413.00,335502.00,-0.492065,3,157,Enterprise,1
m_94d4281388,13,493579.00,38208.846153,0.923076,0.076923,93,0,0,0.00,0.00,NULL,3,144,Enterprise,1
m_955ef28d6b,99,3851558.00,38904.626262,1.000000,0.000000,72,0,0,0.00,0.00,NULL,3,149,SME,1
m_98212f2404,60,2389271.00,39821.183333,1.000000,0.000000,0,13,14,519815.00,441179.00,0.178240,3,138,SME,0
m_98a7c5ce4f,4,181775.00,45443.750000,1.000000,0.000000,111,0,0,0.00,0.00,NULL,2,150,SME,1
m_990a8f98b1,56,2058105.00,36751.875000,1.000000,0.000000,3,15,11,521812.00,381912.00,0.366314,3,175,SME,0
m_9934f53be6,237,10568622.00,44593.341772,1.000000,0.000000,0,61,58,2912732.00,2558840.00,0.138301,3,151,Enterprise,0
m_99814a7f24,50,2368934.00,47378.680000,1.000000,0.000000,27,3,16,135205.00,880348.00,-0.846418,3,124,SME,1
m_9b205603cb,57,2091805.00,36698.333333,1.000000,0.000000,12,10,18,325662.00,822661.00,-0.604135,3,166,Enterprise,1
m_9bf28711c7,3,75025.00,25008.333333,1.000000,0.000000,116,0,0,0.00,0.00,NULL,3,153,Enterprise,1
m_9ccd8e2b37,2,85204.00,42602.000000,1.000000,0.000000,114,0,0,0.00,0.00,NULL,2,125,SME,1
m_9d43863046,1,37175.00,37175.000000,1.000000,0.000000,141,0,0,0.00,0.00,NULL,1,154,Enterprise,1
m_9dafa16a2f,46,1877005.00,40804.456521,1.000000,0.000000,34,0,14,0.00,667837.00,-1.000000,3,152,Enterprise,1
m_9e60d8ee82,3,99634.00,33211.333333,1.000000,0.000000,116,0,0,0.00,0.00,NULL,2,142,SME,1
m_9fd2c103fb,23,1072772.00,46642.260869,1.000000,0.000000,85,0,0,0.00,0.00,NULL,3,166,Enterprise,1
m_a0ecbb09ce,58,2567052.00,44259.517241,1.000000,0.000000,0,14,17,674855.00,672237.00,0.003894,3,144,SME,0
m_a2e3907623,1,44056.00,44056.000000,1.000000,0.000000,102,0,0,0.00,0.00,NULL,1,117,Enterprise,1
m_a44445d690,28,1285221.00,45900.750000,1.000000,0.000000,63,0,0,0.00,0.00,NULL,3,158,SME,1
m_a4cb633421,10,399076.00,39907.600000,1.000000,0.000000,98,0,0,0.00,0.00,NULL,3,156,Enterprise,1
m_a4de45f48a,199,8148275.00,40946.105527,1.000000,0.000000,16,34,60,1451176.00,2394831.00,-0.394038,3,118,Enterprise,1
m_a5321f2652,16,631525.00,39470.312500,1.000000,0.000000,84,0,0,0.00,0.00,NULL,3,147,SME,1
m_a642533d25,4,223175.00,55793.750000,1.000000,0.000000,108,0,0,0.00,0.00,NULL,3,151,Enterprise,1
m_a65d049a77,229,9423162.00,41228.620087,0.995633,0.004366,15,28,65,1130606.00,2637703.00,-0.571367,3,136,SME,1
m_a7201d3654,5,156099.00,31219.800000,1.000000,0.000000,112,0,0,0.00,0.00,NULL,2,149,SME,1
m_a7948f41f1,14,637585.00,45541.785714,1.000000,0.000000,98,0,0,0.00,0.00,NULL,3,174,Enterprise,1
m_a86e4162cb,22,797582.00,36253.727272,1.000000,0.000000,73,0,0,0.00,0.00,NULL,3,153,SME,1
m_aa052e5b6f,73,2835153.00,38837.712328,1.000000,0.000000,87,0,0,0.00,0.00,NULL,3,175,SME,1
m_aa99f091bc,14,559720.00,39980.000000,1.000000,0.000000,99,0,0,0.00,0.00,NULL,3,137,Enterprise,1
m_aa9beef584,11,483378.00,43943.454545,1.000000,0.000000,103,0,0,0.00,0.00,NULL,2,123,Enterprise,1
m_ae0b139f35,14,765520.00,54680.000000,1.000000,0.000000,111,0,0,0.00,0.00,NULL,3,127,SME,1
m_ae0f14ce27,15,791936.00,52795.733333,1.000000,0.000000,111,0,0,0.00,0.00,NULL,3,170,SME,1
m_ae7828a4bc,3,51604.00,40161.333333,0.666666,0.333333,117,0,0,0.00,0.00,NULL,3,154,SME,1
m_aea08a10c1,24,953000.00,39708.333333,1.000000,0.000000,84,0,0,0.00,0.00,NULL,3,129,SME,1
m_aea6e2e37b,8,342845.00,42855.625000,1.000000,0.000000,101,0,0,0.00,0.00,NULL,3,142,Enterprise,1
m_aebad89e92,26,858178.00,33006.846153,1.000000,0.000000,69,0,0,0.00,0.00,NULL,3,153,SME,1
m_aee406d367,68,2528945.00,37190.367647,1.000000,0.000000,8,12,17,424087.00,705329.00,-0.398738,3,142,SME,1
m_aef8f92b52,129,5118201.00,40039.271317,0.992248,0.007751,56,0,11,0.00,412245.00,-1.000000,3,128,Enterprise,1
m_af105d17e0,9,394954.00,43883.777777,1.000000,0.000000,104,0,0,0.00,0.00,NULL,3,122,SME,1
m_afc4334094,39,1376135.00,36523.641025,0.974358,0.025641,51,0,6,0.00,185160.00,-1.000000,3,128,Enterprise,1
m_afc8dce618,29,1260862.00,43478.000000,1.000000,0.000000,62,0,0,0.00,0.00,NULL,3,119,Enterprise,1
m_afdadda8e4,18,715162.00,39731.222222,1.000000,0.000000,89,0,0,0.00,0.00,NULL,3,135,SME,1
m_b0ba9a23c9,41,1549747.00,37798.707317,1.000000,0.000000,98,0,0,0.00,0.00,NULL,3,128,Enterprise,1
m_b0e9528736,3,82681.00,27560.333333,1.000000,0.000000,113,0,0,0.00,0.00,NULL,2,121,SME,1
m_b162d7573c,18,512064.00,28448.000000,1.000000,0.000000,72,0,0,0.00,0.00,NULL,3,148,SME,1
m_b22e58fcaf,26,1178579.00,45329.961538,1.000000,0.000000,74,0,0,0.00,0.00,NULL,3,169,SME,1
m_b3b2c91d06,102,4313534.00,42289.549019,1.000000,0.000000,68,0,0,0.00,0.00,NULL,3,147,SME,1
m_b48c38c55d,18,623798.00,35225.388888,0.944444,0.055555,89,0,0,0.00,0.00,NULL,3,169,SME,1
m_b5a9b5bd73,35,1480009.00,42285.971428,1.000000,0.000000,100,0,0,0.00,0.00,NULL,3,120,Enterprise,1
m_b661bb9370,7,254158.00,36308.285714,1.000000,0.000000,108,0,0,0.00,0.00,NULL,3,134,SME,1
m_b6c5ec39ef,18,802550.00,44586.111111,1.000000,0.000000,91,0,0,0.00,0.00,NULL,3,159,Enterprise,1
m_b824b200b5,92,3592215.00,39045.815217,1.000000,0.000000,74,0,0,0.00,0.00,NULL,3,138,SME,1
m_b8cc216520,7,392843.00,56120.428571,1.000000,0.000000,109,0,0,0.00,0.00,NULL,3,153,SME,1
m_b8d3e2a538,16,623118.00,38944.875000,1.000000,0.000000,87,0,0,0.00,0.00,NULL,3,155,SME,1
m_b92e85bfab,44,1736675.00,39469.886363,1.000000,0.000000,19,4,11,209553.00,460454.00,-0.544899,3,127,SME,1
m_b953dac151,129,5517577.00,42771.914728,1.000000,0.000000,51,0,16,0.00,601876.00,-1.000000,3,118,Enterprise,1
m_b97ad0826f,129,5291519.00,41019.527131,1.000000,0.000000,54,0,11,0.00,443535.00,-1.000000,3,159,Enterprise,1
m_ba4896a688,22,878574.00,39935.181818,1.000000,0.000000,85,0,0,0.00,0.00,NULL,3,151,SME,1
m_bd4ab71913,13,447275.00,34405.769230,1.000000,0.000000,103,0,0,0.00,0.00,NULL,3,128,SME,1
m_bdcbc0ef5d,9,426423.00,47380.333333,1.000000,0.000000,110,0,0,0.00,0.00,NULL,3,119,Enterprise,1
m_bea24d6e34,19,1091315.00,57437.631578,1.000000,0.000000,90,0,0,0.00,0.00,NULL,3,163,SME,1
m_c0078c079b,51,1917054.00,38826.176470,0.980392,0.019607,94,0,0,0.00,0.00,NULL,3,120,SME,1
m_c00e07a77b,39,1545036.00,39616.307692,1.000000,0.000000,51,0,7,0.00,249228.00,-1.000000,3,149,SME,1
m_c0ddf20c04,181,7851002.00,43375.701657,1.000000,0.000000,37,0,52,0.00,2105636.00,-1.000000,3,131,SME,1
m_c116ceb88d,15,549842.00,36656.133333,1.000000,0.000000,89,0,0,0.00,0.00,NULL,3,138,SME,1
m_c21c0ce176,4,185183.00,46295.750000,1.000000,0.000000,117,0,0,0.00,0.00,NULL,2,138,SME,1
m_c39ad39100,64,2715402.00,42428.156250,1.000000,0.000000,15,9,19,419494.00,710398.00,-0.409494,3,142,Enterprise,1
m_c4a6136686,85,3455054.00,40647.694117,1.000000,0.000000,80,0,0,0.00,0.00,NULL,3,123,SME,1
m_c57ae6c452,18,647518.00,35973.222222,1.000000,0.000000,92,0,0,0.00,0.00,NULL,3,128,Enterprise,1
m_c629cab247,64,2507288.00,39308.968750,0.984375,0.015625,0,21,10,977063.00,348851.00,1.800803,3,122,SME,0
m_c68c9f18a3,32,1156194.00,36131.062500,1.000000,0.000000,50,0,3,0.00,83321.00,-1.000000,3,132,Enterprise,1
m_c741fbba85,162,6622285.00,40878.302469,1.000000,0.000000,32,0,50,0.00,2320088.00,-1.000000,3,140,Enterprise,1
m_c82d29a5d7,14,664333.00,47452.357142,1.000000,0.000000,91,0,0,0.00,0.00,NULL,3,167,Enterprise,1
m_c990ed76d9,59,2390696.00,40520.271186,1.000000,0.000000,5,11,14,554038.00,555987.00,-0.003505,3,172,SME,0
m_cbb189b323,18,741649.00,41934.888888,0.944444,0.055555,107,0,0,0.00,0.00,NULL,3,123,SME,1
m_cde0e25b7a,1,59626.00,59626.000000,1.000000,0.000000,153,0,0,0.00,0.00,NULL,1,160,Enterprise,1
m_ce35229458,19,776902.00,40889.578947,1.000000,0.000000,82,0,0,0.00,0.00,NULL,3,137,Enterprise,1
m_ced3fdd40f,43,1851693.00,43062.627906,1.000000,0.000000,99,0,0,0.00,0.00,NULL,3,144,SME,1
m_cfaad15ce5,174,7582298.00,43576.425287,1.000000,0.000000,33,0,56,0.00,2265559.00,-1.000000,3,171,SME,1
m_d01b7c6e94,28,1020077.00,36431.321428,1.000000,0.000000,65,0,0,0.00,0.00,NULL,3,141,Enterprise,1
m_d057b239bc,126,5109088.00,40548.317460,1.000000,0.000000,56,0,12,0.00,357795.00,-1.000000,3,161,Enterprise,1
m_d06f0a4803,172,7842830.00,45597.848837,1.000000,0.000000,32,0,55,0.00,2630179.00,-1.000000,3,130,Enterprise,1
m_d0c2795faa,5,176153.00,35230.600000,1.000000,0.000000,113,0,0,0.00,0.00,NULL,2,161,Enterprise,1
m_d2864589de,55,2257196.00,41039.927272,1.000000,0.000000,1,21,12,808888.00,489721.00,0.651732,3,136,SME,0
m_d47303d417,17,705878.00,41522.235294,1.000000,0.000000,90,0,0,0.00,0.00,NULL,3,154,Enterprise,1
m_d4e8d2212a,9,299605.00,33289.444444,1.000000,0.000000,110,0,0,0.00,0.00,NULL,3,169,SME,1
m_d5185d042c,12,523824.00,43652.000000,1.000000,0.000000,101,0,0,0.00,0.00,NULL,3,165,SME,1
m_d65103c8c7,13,366295.00,28176.538461,1.000000,0.000000,100,0,0,0.00,0.00,NULL,3,170,SME,1
m_d7206fb2c2,55,2281332.00,41478.763636,1.000000,0.000000,7,11,15,505375.00,573149.00,-0.118248,3,146,SME,0
m_d7fb26fe02,6,221290.00,50020.000000,0.833333,0.166666,111,0,0,0.00,0.00,NULL,2,174,Enterprise,1
m_d926a4e4b8,38,1817388.00,47826.000000,1.000000,0.000000,41,0,12,0.00,585470.00,-1.000000,3,124,SME,1
m_d99f6e6fb3,20,902572.00,46056.350000,0.950000,0.050000,111,0,0,0.00,0.00,NULL,3,140,Enterprise,1
m_da065a694d,173,7126519.00,41193.751445,1.000000,0.000000,36,0,54,0.00,2349589.00,-1.000000,3,164,SME,1
m_dc7fb105b3,31,1165314.00,37590.774193,1.000000,0.000000,105,0,0,0.00,0.00,NULL,3,145,Enterprise,1
m_dcc3f47e35,47,2058708.00,43802.297872,1.000000,0.000000,95,0,0,0.00,0.00,NULL,3,121,SME,1
m_dd2719a247,41,1453312.00,35763.487804,0.975609,0.024390,29,1,10,9649.00,438957.00,-0.978018,3,165,Enterprise,1
m_dd98fdf0c2,16,760648.00,47540.500000,1.000000,0.000000,108,0,0,0.00,0.00,NULL,3,119,SME,1
m_dda63e3c5d,115,4439816.00,38607.095652,1.000000,0.000000,61,0,0,0.00,0.00,NULL,3,141,Enterprise,1
m_ddf2807eab,1,70813.00,70813.000000,1.000000,0.000000,144,0,0,0.00,0.00,NULL,1,152,SME,1
m_df864e5208,44,1602082.00,36410.954545,1.000000,0.000000,43,0,9,0.00,342317.00,-1.000000,3,162,Enterprise,1
m_e093912b8d,112,4566885.00,40775.758928,1.000000,0.000000,68,0,0,0.00,0.00,NULL,3,117,Enterprise,1
m_e12f461842,27,934001.00,34592.629629,1.000000,0.000000,70,0,0,0.00,0.00,NULL,3,162,Enterprise,1
m_e1eb58cc69,45,1854947.00,41221.044444,1.000000,0.000000,49,0,9,0.00,470433.00,-1.000000,3,119,SME,1
m_e2458d1cb3,38,1586574.00,41751.947368,1.000000,0.000000,42,0,12,0.00,563562.00,-1.000000,3,157,Enterprise,1
m_e2835fd4fb,3,150224.00,50074.666666,1.000000,0.000000,117,0,0,0.00,0.00,NULL,2,154,SME,1
m_e40d65ded4,238,9556404.00,40446.457983,0.995798,0.004201,0,60,66,2343556.00,2494254.00,-0.060418,3,129,SME,0
m_e50a2ee02c,5,200125.00,40025.000000,1.000000,0.000000,108,0,0,0.00,0.00,NULL,2,175,SME,1
m_e5ff22e0bc,14,515538.00,36824.142857,1.000000,0.000000,94,0,0,0.00,0.00,NULL,3,149,SME,1
m_e61b569d8a,1,47629.00,47629.000000,1.000000,0.000000,104,0,0,0.00,0.00,NULL,1,122,Enterprise,1
m_e6b154ec9c,70,3024171.00,43202.442857,1.000000,0.000000,0,19,16,859667.00,666220.00,0.290365,3,142,SME,0
m_e6bc521f3d,13,647343.00,49795.615384,1.000000,0.000000,97,0,0,0.00,0.00,NULL,3,145,Enterprise,1
m_e8b8ab65d3,22,969639.00,44074.500000,1.000000,0.000000,72,0,0,0.00,0.00,NULL,3,140,SME,1
m_edfe8aac84,242,10125644.00,41841.504132,1.000000,0.000000,0,61,60,2602718.00,2332586.00,0.115807,3,163,SME,0
m_f09d23297b,7,262352.00,37478.857142,1.000000,0.000000,111,0,0,0.00,0.00,NULL,3,164,Enterprise,1
m_f0be43ae2d,23,879699.00,38247.782608,1.000000,0.000000,80,0,0,0.00,0.00,NULL,3,152,Enterprise,1
m_f173f1f84d,29,1043247.00,35974.034482,1.000000,0.000000,54,0,4,0.00,159983.00,-1.000000,3,163,SME,1
m_f327d9e7df,133,5436515.00,40876.052631,1.000000,0.000000,49,0,28,0.00,1121645.00,-1.000000,3,122,SME,1
m_f3717d2db9,3,154820.00,51606.666666,1.000000,0.000000,116,0,0,0.00,0.00,NULL,2,172,Enterprise,1
m_f391cdaa4c,8,393791.00,49223.875000,1.000000,0.000000,104,0,0,0.00,0.00,NULL,3,147,SME,1
m_f488d769b2,5,248122.00,49624.400000,1.000000,0.000000,109,0,0,0.00,0.00,NULL,3,159,SME,1
m_f509d20312,1,56316.00,56316.000000,1.000000,0.000000,143,0,0,0.00,0.00,NULL,1,153,Enterprise,1
m_f5bff98523,172,6758884.00,39295.837209,1.000000,0.000000,27,5,57,244797.00,2343758.00,-0.895553,3,131,Enterprise,1
m_f6132644ff,120,5017812.00,41815.100000,1.000000,0.000000,64,0,0,0.00,0.00,NULL,3,127,Enterprise,1
m_f8c9b82dcb,11,451180.00,41016.363636,1.000000,0.000000,94,0,0,0.00,0.00,NULL,3,169,Enterprise,1
m_f91e5a3cdb,28,1033798.00,36921.357142,1.000000,0.000000,103,0,0,0.00,0.00,NULL,3,119,SME,1
m_f969e9850d,108,4157822.00,38498.351851,1.000000,0.000000,64,0,0,0.00,0.00,NULL,3,168,Enterprise,1
m_fa1900e13f,9,419465.00,46607.222222,1.000000,0.000000,103,0,0,0.00,0.00,NULL,3,130,Enterprise,1
m_fa5415787c,2,129982.00,64991.000000,1.000000,0.000000,115,0,0,0.00,0.00,NULL,1,145,SME,1
m_fb62988e38,63,2381120.00,37795.555555,1.000000,0.000000,0,14,18,421345.00,795674.00,-0.470455,3,140,Enterprise,0
m_fcc376107b,20,711764.00,36568.550000,0.950000,0.050000,83,0,0,0.00,0.00,NULL,3,170,Enterprise,1
m_fdbae50859,118,4386316.00,37172.169491,1.000000,0.000000,59,0,5,0.00,267401.00,-1.000000,3,122,SME,1
m_fddc0886be,41,1614278.00,39372.634146,1.000000,0.000000,98,0,0,0.00,0.00,NULL,3,120,SME,1
m_fe15c360c7,55,2245280.00,40823.272727,1.000000,0.000000,0,18,12,777547.00,501427.00,0.550668,3,132,SME,0
m_fe5fc2e5e8,54,2444610.00,45270.555555,1.000000,0.000000,15,8,18,355407.00,917698.00,-0.612718,3,128,Enterprise,1
m_feea22267a,62,2495797.00,40254.790322,1.000000,0.000000,87,0,0,0.00,0.00,NULL,3,128,Enterprise,1
m_ff50f026dc,2,81686.00,40843.000000,1.000000,0.000000,117,0,0,0.00,0.00,NULL,2,139,Enterprise,1
m_ffc06b5a5b,14,729436.00,52102.571428,1.000000,0.000000,98,0,0,0.00,0.00,NULL,3,146,Enterprise,1
