api_key_id,merchant_id,created_timestamp,environment,key_type
k_006287af70,m_16589a1b00,2024-02-26 00:00:00.0000000,TEST,secret
k_0073dc61d1,m_3b987f526e,2024-01-28 00:00:00.0000000,TEST,secret
k_00b9808aec,m_2b87c6392f,2024-02-10 00:00:00.0000000,TEST,secret
k_00cc13ff04,m_3bc40babf3,2024-01-24 00:00:00.0000000,TEST,secret
k_0153af8450,m_29b897d103,2024-01-17 00:00:00.0000000,TEST,secret
k_01c249baec,m_6205fdb61b,2024-02-26 00:00:00.0000000,LIVE,secret
k_01cc9db177,m_771d35c6c7,2024-02-04 00:00:00.0000000,TEST,secret
k_01e4d42df7,m_fdbae50859,2024-02-25 00:00:00.0000000,TEST,secret
k_01ebe8101a,m_dd2719a247,2024-01-13 00:00:00.0000000,TEST,secret
k_021850dec0,m_11eedabd9a,2024-01-30 00:00:00.0000000,TEST,secret
k_02767e1eae,m_aaefedc9e5,2024-01-22 00:00:00.0000000,LIVE,secret
k_028dd24431,m_4b2d64b5b4,2024-01-09 00:00:00.0000000,TEST,secret
k_02e2e55f98,m_774f91aef3,2024-02-03 00:00:00.0000000,TEST,secret
k_02e6584174,m_570ff787b5,2024-01-24 00:00:00.0000000,LIVE,secret
k_0328e8b67b,m_3f59691769,2024-01-29 00:00:00.0000000,TEST,secret
k_0350131786,m_5e7799257d,2024-01-29 00:00:00.0000000,TEST,secret
k_035bcb055f,m_3a67f3c3c3,2024-02-11 00:00:00.0000000,TEST,secret
k_037c3513b6,m_f5bff98523,2024-02-16 00:00:00.0000000,TEST,secret
k_03a7ffbde1,m_5d2e70eb02,2024-01-23 00:00:00.0000000,TEST,secret
k_03aa1df76c,m_8450ac37b4,2024-02-28 00:00:00.0000000,TEST,secret
k_03da7a2352,m_7619409c0c,2024-02-03 00:00:00.0000000,LIVE,secret
k_041af96a29,m_b661bb9370,2024-02-17 00:00:00.0000000,LIVE,secret
k_0477e872a9,m_28d3955fa3,2024-02-03 00:00:00.0000000,TEST,secret
k_0532ef8bf3,m_86b6fa20d7,2024-02-02 00:00:00.0000000,TEST,secret
k_053a637bad,m_6d70e227e6,2024-02-18 00:00:00.0000000,TEST,secret
k_054e92e32a,m_c9896b9dda,2024-02-26 00:00:00.0000000,LIVE,secret
k_05ded68fdf,m_9fe1a0e869,2024-02-18 00:00:00.0000000,TEST,secret
k_060ace72f3,m_14360d6599,2024-01-31 00:00:00.0000000,TEST,secret
k_0690a9145f,m_f949e74879,2024-01-03 00:00:00.0000000,TEST,secret
k_06a9db2693,m_1e989cf3ea,2024-02-28 00:00:00.0000000,TEST,secret
k_06d889f626,m_36ab1e818f,2024-01-29 00:00:00.0000000,LIVE,secret
k_06ddd6df54,m_550aee8a05,2024-02-06 00:00:00.0000000,LIVE,secret
k_07d612c6c7,m_59078bef32,2024-01-17 00:00:00.0000000,LIVE,secret
k_089f57a5a2,m_66d24572cc,2024-01-15 00:00:00.0000000,TEST,secret
k_08b34cdb3b,m_98d536a727,2024-02-09 00:00:00.0000000,LIVE,secret
k_08e5ad74b8,m_9213804792,2024-02-24 00:00:00.0000000,TEST,secret
k_091373acf6,m_3679ad302c,2024-01-26 00:00:00.0000000,TEST,secret
k_0937020c8c,m_0e6fe2fdca,2024-02-06 00:00:00.0000000,TEST,secret
k_097770dcb4,m_879aa4758c,2024-01-15 00:00:00.0000000,LIVE,secret
k_097fe5e077,m_d4b11e61e6,2024-01-10 00:00:00.0000000,TEST,secret
k_0a3c7fa838,m_62ce402988,2024-02-16 00:00:00.0000000,TEST,secret
k_0a56e384fc,m_e32758c867,2024-02-03 00:00:00.0000000,TEST,secret
k_0a7a15e259,m_73062da649,2024-01-11 00:00:00.0000000,TEST,secret
k_0abfe3db4b,m_6a8922f52c,2024-02-04 00:00:00.0000000,TEST,secret
k_0aec4ce131,m_03a6e19aa3,2024-02-16 00:00:00.0000000,LIVE,secret
k_0b3d388ea9,m_02f736b6c7,2024-02-28 00:00:00.0000000,TEST,secret
k_0b84a6839c,m_368052d2a8,2024-02-26 00:00:00.0000000,LIVE,secret
k_0bd71082ab,m_2946032d52,2024-02-24 00:00:00.0000000,TEST,secret
k_0bf1c63c02,m_442afafa89,2024-01-12 00:00:00.0000000,LIVE,secret
k_0bf40938c2,m_8d7f4ef003,2024-02-03 00:00:00.0000000,TEST,secret
k_0c25030b4c,m_5afbb18ef1,2024-01-15 00:00:00.0000000,LIVE,secret
k_0c41e3d423,m_1cc1fdcdd0,2024-01-24 00:00:00.0000000,TEST,secret
k_0c48b6c203,m_7477acaa3d,2024-02-10 00:00:00.0000000,TEST,secret
k_0c4ef0e234,m_4fadff3748,2024-02-02 00:00:00.0000000,TEST,secret
k_0c724f1d07,m_d7fb26fe02,2024-01-08 00:00:00.0000000,LIVE,secret
k_0c7510b02a,m_366f98eda7,2024-01-27 00:00:00.0000000,TEST,secret
k_0cb56b4a74,m_309a636592,2024-02-25 00:00:00.0000000,LIVE,secret
k_0cb6b25237,m_fc2065ba41,2024-01-30 00:00:00.0000000,LIVE,secret
k_0ce344bb7e,m_17043e6f5b,2024-02-22 00:00:00.0000000,TEST,secret
k_0cfd99e0ce,m_c4f40d06fe,2024-02-16 00:00:00.0000000,LIVE,secret
k_0d1d774608,m_93e952436e,2024-02-01 00:00:00.0000000,LIVE,secret
k_0d25549225,m_b162d7573c,2024-01-30 00:00:00.0000000,TEST,secret
k_0e987102e8,m_6630e38e09,2024-01-27 00:00:00.0000000,TEST,secret
k_0edbbc3659,m_abf09afec7,2024-02-25 00:00:00.0000000,LIVE,secret
k_0f03cfbdd3,m_c00e07a77b,2024-02-02 00:00:00.0000000,LIVE,secret
k_0f1a0735c7,m_396983a155,2024-02-04 00:00:00.0000000,TEST,secret
k_0f41fad13c,m_7de20245e9,2024-01-23 00:00:00.0000000,TEST,secret
k_0f7eceea76,m_2f7a70c46a,2024-01-13 00:00:00.0000000,TEST,secret
k_0fb2c62c2b,m_6ee5b5dfd4,2024-02-28 00:00:00.0000000,LIVE,secret
k_0fb3b88b8e,m_b745c60d28,2024-01-30 00:00:00.0000000,TEST,secret
k_0fc03a5ed2,m_d2976a6dde,2024-02-05 00:00:00.0000000,TEST,secret
k_0fca3ead51,m_76e363dea3,2024-02-01 00:00:00.0000000,LIVE,secret
k_103cd71a93,m_0df8fd450d,2024-01-24 00:00:00.0000000,LIVE,secret
k_104349d111,m_dcc3f47e35,2024-03-01 00:00:00.0000000,LIVE,secret
k_1064203745,m_8e72acadfe,2024-02-16 00:00:00.0000000,TEST,secret
k_10878633d2,m_fddc0886be,2024-03-02 00:00:00.0000000,LIVE,secret
k_10da515a36,m_7a0ab9a43b,2024-01-18 00:00:00.0000000,TEST,secret
k_1125b9fd46,m_0bad2d7816,2024-02-03 00:00:00.0000000,TEST,secret
k_113bc65a89,m_477c7bf1cb,2024-02-27 00:00:00.0000000,TEST,secret
k_1162ef5a2b,m_a4de45f48a,2024-02-29 00:00:00.0000000,TEST,secret
k_11cb04dd0f,m_3095be967f,2024-02-09 00:00:00.0000000,LIVE,secret
k_11f00ed527,m_8f8863c047,2024-01-26 00:00:00.0000000,LIVE,secret
k_12a2dec620,m_42df7df586,2024-01-30 00:00:00.0000000,TEST,secret
k_12d9b6972e,m_b97ad0826f,2024-01-19 00:00:00.0000000,TEST,secret
k_12fb1e1e29,m_a642533d25,2024-01-27 00:00:00.0000000,TEST,secret
k_135f51031a,m_99814a7f24,2024-02-23 00:00:00.0000000,TEST,secret
k_13aea92b54,m_7faa403cea,2024-01-25 00:00:00.0000000,TEST,secret
k_13c696b78e,m_c00e07a77b,2024-01-29 00:00:00.0000000,TEST,secret
k_140b1e5d47,m_4cb0ef01fc,2024-01-27 00:00:00.0000000,TEST,secret
k_146f233bc0,m_65765aed2c,2024-02-13 00:00:00.0000000,TEST,secret
k_14cf022aba,m_1144dcadf3,2024-01-10 00:00:00.0000000,TEST,secret
k_14db3a20de,m_60af9b2554,2024-01-28 00:00:00.0000000,TEST,secret
k_14e9fe4d68,m_54d77390be,2024-02-21 00:00:00.0000000,LIVE,secret
k_151e933840,m_bb135e7de4,2024-02-12 00:00:00.0000000,TEST,secret
k_151f6e6d51,m_2ff40be70a,2024-01-15 00:00:00.0000000,TEST,secret
k_1553fbf7ad,m_dc7fb105b3,2024-02-02 00:00:00.0000000,TEST,secret
k_15a8bddd0a,m_b6c5ec39ef,2024-01-19 00:00:00.0000000,TEST,secret
k_15d2638322,m_49f63da907,2024-02-28 00:00:00.0000000,TEST,secret
k_15ff56e90b,m_98d536a727,2024-02-05 00:00:00.0000000,TEST,secret
k_1649779655,m_5af252200c,2024-02-18 00:00:00.0000000,TEST,secret
k_165328d1fc,m_dc7fb105b3,2024-02-06 00:00:00.0000000,LIVE,secret
k_165fc00a51,m_05f04b1b09,2024-02-02 00:00:00.0000000,TEST,secret
k_1678f6e173,m_59e433c738,2024-01-13 00:00:00.0000000,TEST,secret
k_169e9ae4ba,m_677a0b5879,2024-02-01 00:00:00.0000000,LIVE,secret
k_16c76a9220,m_3deb32890d,2024-01-09 00:00:00.0000000,TEST,secret
k_16c92d84a7,m_54d77390be,2024-02-17 00:00:00.0000000,TEST,secret
k_16cd98012d,m_c7e8c5391e,2024-01-17 00:00:00.0000000,LIVE,secret
k_171d7e33c4,m_9b9c2ffe5e,2024-03-01 00:00:00.0000000,TEST,secret
k_174d2244fa,m_b8acb01b01,2024-02-14 00:00:00.0000000,TEST,secret
k_175ec9dcce,m_ab8dab403e,2024-02-02 00:00:00.0000000,TEST,secret
k_179c5e46e4,m_aea6e2e37b,2024-02-09 00:00:00.0000000,LIVE,secret
k_17bdc85954,m_309a636592,2024-02-21 00:00:00.0000000,TEST,secret
k_1858d0f234,m_d057b239bc,2024-01-21 00:00:00.0000000,LIVE,secret
k_18951da946,m_f09d23297b,2024-01-14 00:00:00.0000000,TEST,secret
k_18e3e944e4,m_c8ad1fb749,2024-02-09 00:00:00.0000000,TEST,secret
k_18eb8668ee,m_e3bc986270,2024-01-27 00:00:00.0000000,LIVE,secret
k_192c8bd9f5,m_23b4668299,2024-01-24 00:00:00.0000000,LIVE,secret
k_195e81eaa3,m_a65d049a77,2024-02-11 00:00:00.0000000,TEST,secret
k_196a34cfb9,m_8441a4d915,2024-01-13 00:00:00.0000000,TEST,secret
k_1973270c00,m_0535155beb,2024-01-11 00:00:00.0000000,LIVE,secret
k_1974ff35a4,m_0cd386f249,2024-01-06 00:00:00.0000000,LIVE,secret
k_1a210a37dd,m_b92e85bfab,2024-02-20 00:00:00.0000000,TEST,secret
k_1a22e08fc5,m_e1bbce3343,2024-01-25 00:00:00.0000000,TEST,secret
k_1aea8c1a6e,m_5c919b3eab,2024-02-11 00:00:00.0000000,TEST,secret
k_1b28b1410d,m_c4f40d06fe,2024-02-12 00:00:00.0000000,TEST,secret
k_1b9b9b5527,m_865d3bb2d5,2024-02-13 00:00:00.0000000,TEST,secret
k_1ba06b2f3a,m_352ea48c17,2024-01-21 00:00:00.0000000,LIVE,secret
k_1bd8ec47be,m_3add94cc04,2024-02-27 00:00:00.0000000,LIVE,secret
k_1bf40d1384,m_0e6fe2fdca,2024-02-10 00:00:00.0000000,LIVE,secret
k_1c44c34fa0,m_eb5e95bbf3,2024-02-19 00:00:00.0000000,TEST,secret
k_1c4c1b32f9,m_fa5415787c,2024-02-02 00:00:00.0000000,TEST,secret
k_1c5e99ef07,m_524e378e4e,2024-01-17 00:00:00.0000000,TEST,secret
k_1c644f52c4,m_cd11f556e1,2024-01-15 00:00:00.0000000,LIVE,secret
k_1c8ea82bb6,m_edfe8aac84,2024-01-19 00:00:00.0000000,LIVE,secret
k_1c983aeb9c,m_045d08bf26,2024-02-07 00:00:00.0000000,TEST,secret
k_1ca53d3ada,m_65c3e0b150,2024-02-17 00:00:00.0000000,TEST,secret
k_1cceebc7de,m_d2864589de,2024-02-11 00:00:00.0000000,TEST,secret
k_1d0a1ef7f4,m_af105d17e0,2024-02-29 00:00:00.0000000,LIVE,secret
k_1d16dd65ef,m_06150197f9,2024-02-16 00:00:00.0000000,TEST,secret
k_1d2843cea5,m_67497a0696,2024-01-27 00:00:00.0000000,TEST,secret
k_1d3604d425,m_8a19a2f57a,2024-01-16 00:00:00.0000000,TEST,secret
k_1d87f70ed4,m_b0ba9a23c9,2024-02-23 00:00:00.0000000,LIVE,secret
k_1dd01b49f2,m_e6b154ec9c,2024-02-05 00:00:00.0000000,TEST,secret
k_1dfac6fc6e,m_49121849ae,2024-02-17 00:00:00.0000000,TEST,secret
k_1e51599bae,m_ea6f8a88f6,2024-01-10 00:00:00.0000000,LIVE,secret
k_1e63c9f5d4,m_d7206fb2c2,2024-02-05 00:00:00.0000000,LIVE,secret
k_1e8f7a2f31,m_5c041429a0,2024-02-14 00:00:00.0000000,LIVE,secret
k_1eb18a9500,m_a5321f2652,2024-02-04 00:00:00.0000000,LIVE,secret
k_1f0d64020a,m_4d1676ece9,2024-02-27 00:00:00.0000000,LIVE,secret
k_1f6d128939,m_d793fd594b,2024-02-07 00:00:00.0000000,TEST,secret
k_1f947e757b,m_5b19208fc4,2024-01-24 00:00:00.0000000,LIVE,secret
k_1f978f1911,m_4a698d8b4c,2024-01-11 00:00:00.0000000,LIVE,secret
k_1fb82bc35c,m_5d529bcad9,2024-02-18 00:00:00.0000000,LIVE,secret
k_1fc61004b0,m_729489e917,2024-01-29 00:00:00.0000000,TEST,secret
k_1ff418963a,m_3a67f3c3c3,2024-02-15 00:00:00.0000000,LIVE,secret
k_214a0e8ea5,m_478d1c7b15,2024-01-28 00:00:00.0000000,LIVE,secret
k_219f52b0ce,m_8b0345cb4b,2024-02-05 00:00:00.0000000,TEST,secret
k_21c2311a70,m_14360d6599,2024-02-04 00:00:00.0000000,LIVE,secret
k_21faa77d21,m_1169f936bb,2024-02-27 00:00:00.0000000,LIVE,secret
k_22462f2597,m_e093912b8d,2024-03-01 00:00:00.0000000,TEST,secret
k_2264912416,m_a382c9a40c,2024-02-19 00:00:00.0000000,TEST,secret
k_228e37de6e,m_b77ed03293,2024-02-09 00:00:00.0000000,TEST,secret
k_22c57e49dd,m_b3b2c91d06,2024-02-04 00:00:00.0000000,LIVE,secret
k_231ee34ecf,m_8dfaae8206,2024-02-10 00:00:00.0000000,LIVE,secret
k_2352082abd,m_1bf89bce1c,2024-02-06 00:00:00.0000000,TEST,secret
k_235a8e8248,m_feea22267a,2024-02-23 00:00:00.0000000,LIVE,secret
k_24111bf517,m_7243af85da,2024-01-27 00:00:00.0000000,LIVE,secret
k_24125381eb,m_f391cdaa4c,2024-02-04 00:00:00.0000000,LIVE,secret
k_2414aa1b30,m_478d1c7b15,2024-01-24 00:00:00.0000000,TEST,secret
k_241e176713,m_ccd2657d70,2024-01-07 00:00:00.0000000,TEST,secret
k_244fa3a72f,m_757792376b,2024-02-29 00:00:00.0000000,TEST,secret
k_246fff81e3,m_83f2a0659c,2024-02-19 00:00:00.0000000,LIVE,secret
k_24d6a02d0c,m_8e93e938bd,2024-02-18 00:00:00.0000000,TEST,secret
k_24da53939f,m_ba01ea8637,2024-01-02 00:00:00.0000000,TEST,secret
k_24f859b5ca,m_3deb32890d,2024-01-13 00:00:00.0000000,LIVE,secret
k_25d8de73ff,m_4fadff3748,2024-02-06 00:00:00.0000000,LIVE,secret
k_25dd096918,m_f0be43ae2d,2024-01-30 00:00:00.0000000,LIVE,secret
k_2667b90f2a,m_237772a721,2024-01-16 00:00:00.0000000,TEST,secret
k_26fd67662c,m_3ef8f43c97,2024-03-05 00:00:00.0000000,LIVE,secret
k_271e80c67a,m_c7d2b31e16,2024-01-02 00:00:00.0000000,TEST,secret
k_2727b4a533,m_7e882ba60b,2024-02-03 00:00:00.0000000,TEST,secret
k_27417183cc,m_a167ed79d5,2024-02-19 00:00:00.0000000,LIVE,secret
k_275d1459d7,m_83f2a0659c,2024-02-15 00:00:00.0000000,TEST,secret
k_27e9ffdc54,m_835a1d4c4a,2024-01-12 00:00:00.0000000,TEST,secret
k_28123a069d,m_8000a710f5,2024-01-27 00:00:00.0000000,TEST,secret
k_28767adbeb,m_5b35c0b5e8,2024-02-23 00:00:00.0000000,TEST,secret
k_28b5a6dfc7,m_c5c85a8466,2024-01-29 00:00:00.0000000,TEST,secret
k_2910292b97,m_0f67471f44,2024-01-27 00:00:00.0000000,TEST,secret
k_29303ce89e,m_fddc0886be,2024-02-27 00:00:00.0000000,TEST,secret
k_297fb80bd9,m_372504a9f0,2024-02-02 00:00:00.0000000,LIVE,secret
k_29b357c4c2,m_ae7828a4bc,2024-01-28 00:00:00.0000000,LIVE,secret
k_29c3331467,m_c4a6136686,2024-02-28 00:00:00.0000000,LIVE,secret
k_29d2721c35,m_a0fb1203a8,2024-02-07 00:00:00.0000000,TEST,secret
k_2a0dae0c94,m_4fb782d661,2024-01-17 00:00:00.0000000,TEST,secret
k_2a34ede32c,m_08e6cc639a,2024-01-07 00:00:00.0000000,LIVE,secret
k_2a5eb4302f,m_3ba995f686,2024-01-18 00:00:00.0000000,LIVE,secret
k_2a6348ef2b,m_3f59691769,2024-02-02 00:00:00.0000000,LIVE,secret
k_2a927cbbd3,m_7a3d6557ca,2024-01-12 00:00:00.0000000,TEST,secret
k_2b173db46a,m_1c2af2ea45,2024-02-21 00:00:00.0000000,TEST,secret
k_2b2c484f88,m_4bc66994d6,2024-02-21 00:00:00.0000000,TEST,secret
k_2b2da27140,m_661ab8544c,2024-01-07 00:00:00.0000000,LIVE,secret
k_2b85b0c102,m_8427c1f366,2024-01-28 00:00:00.0000000,LIVE,secret
k_2bafafcf26,m_015713372e,2024-01-23 00:00:00.0000000,TEST,secret
k_2bb586ca8f,m_0cd31d704f,2024-02-08 00:00:00.0000000,LIVE,secret
k_2bd78c982b,m_7ad6d63f59,2024-02-06 00:00:00.0000000,TEST,secret
k_2bef288ec6,m_387b7e1774,2024-02-13 00:00:00.0000000,LIVE,secret
k_2c7a7e3290,m_8d7f4ef003,2024-02-07 00:00:00.0000000,LIVE,secret
k_2ca6642168,m_b8cc216520,2024-01-25 00:00:00.0000000,TEST,secret
k_2cebd3a609,m_fcc376107b,2024-01-08 00:00:00.0000000,TEST,secret
k_2d08d39974,m_4dba1746af,2024-01-20 00:00:00.0000000,LIVE,secret
k_2d37b18fa7,m_a818e9dbf5,2024-01-17 00:00:00.0000000,LIVE,secret
k_2d6cc0f025,m_56a80ef3a4,2024-02-07 00:00:00.0000000,TEST,secret
k_2daff6c620,m_59078bef32,2024-01-13 00:00:00.0000000,TEST,secret
k_2dc4dff862,m_e2dc9e5c72,2024-01-20 00:00:00.0000000,TEST,secret
k_2e25540ec8,m_879aa4758c,2024-01-11 00:00:00.0000000,TEST,secret
k_2e3fc62052,m_000f075d63,2024-02-28 00:00:00.0000000,TEST,secret
k_2ef33b9b3f,m_07ebc45136,2024-01-31 00:00:00.0000000,TEST,secret
k_2f0c9a1e91,m_000f075d63,2024-03-03 00:00:00.0000000,LIVE,secret
k_2f189f9856,m_8e7665c66f,2024-01-17 00:00:00.0000000,TEST,secret
k_2f1fb7cf5f,m_3c362258df,2024-01-11 00:00:00.0000000,LIVE,secret
k_2f2d074dc5,m_16589a1b00,2024-03-01 00:00:00.0000000,LIVE,secret
k_2f43748e6d,m_5b19208fc4,2024-01-20 00:00:00.0000000,TEST,secret
k_2fb4339e4f,m_dda63e3c5d,2024-02-06 00:00:00.0000000,TEST,secret
k_2fc2b0ff13,m_2ff40be70a,2024-01-19 00:00:00.0000000,LIVE,secret
k_2fce72b35e,m_a7948f41f1,2024-01-04 00:00:00.0000000,TEST,secret
k_2ff6cb6a09,m_afdadda8e4,2024-02-16 00:00:00.0000000,LIVE,secret
k_2ff711686b,m_24a7092178,2024-01-29 00:00:00.0000000,LIVE,secret
k_300752e7fa,m_c0ddf20c04,2024-02-20 00:00:00.0000000,LIVE,secret
k_303ed9461b,m_64355aa980,2024-03-01 00:00:00.0000000,TEST,secret
k_3076f502b6,m_c7d2b31e16,2024-01-06 00:00:00.0000000,LIVE,secret
k_30998794c6,m_250c027d7e,2024-02-25 00:00:00.0000000,LIVE,secret
k_30edf3d6ac,m_a65d049a77,2024-02-15 00:00:00.0000000,LIVE,secret
k_311dad3964,m_321414b094,2024-01-23 00:00:00.0000000,TEST,secret
k_3170e9a43a,m_03cf231ea8,2024-02-16 00:00:00.0000000,LIVE,secret
k_31bfbec9dc,m_2988f6eef7,2024-03-05 00:00:00.0000000,LIVE,secret
k_31e504b3cb,m_eff50f62e9,2024-02-05 00:00:00.0000000,TEST,secret
k_324369ddd7,m_e872a837b1,2024-01-21 00:00:00.0000000,LIVE,secret
k_328ed27f0f,m_292333b8ef,2024-02-29 00:00:00.0000000,TEST,secret
k_329cb70e9b,m_8427c1f366,2024-01-24 00:00:00.0000000,TEST,secret
k_32d650e98a,m_b8acb01b01,2024-02-18 00:00:00.0000000,LIVE,secret
k_32eb3fc0d1,m_614788b43e,2024-02-01 00:00:00.0000000,TEST,secret
k_335409cc38,m_c4a0a4c100,2024-02-26 00:00:00.0000000,TEST,secret
k_3375fdfb7c,m_d7fb26fe02,2024-01-04 00:00:00.0000000,TEST,secret
k_3412a397f1,m_c116ceb88d,2024-02-09 00:00:00.0000000,TEST,secret
k_34182fe589,m_e90774ad63,2024-02-14 00:00:00.0000000,TEST,secret
k_34700594fc,m_e42fef6048,2024-02-07 00:00:00.0000000,LIVE,secret
k_3534e32504,m_15ba2b6121,2024-02-28 00:00:00.0000000,TEST,secret
k_3566762e5a,m_5458894590,2024-02-24 00:00:00.0000000,LIVE,secret
k_35eb45119b,m_01b846e000,2024-02-06 00:00:00.0000000,TEST,secret
k_361444b137,m_a3e0ff643c,2024-01-02 00:00:00.0000000,TEST,secret
k_36297a768f,m_10ed12ff38,2024-03-02 00:00:00.0000000,LIVE,secret
k_362eba9289,m_c3c52690a4,2024-01-04 00:00:00.0000000,TEST,secret
k_36436d78de,m_12872df906,2024-01-14 00:00:00.0000000,TEST,secret
k_36fc1c6376,m_4a698d8b4c,2024-01-07 00:00:00.0000000,TEST,secret
k_37011dbb5a,m_4894dedfee,2024-02-08 00:00:00.0000000,LIVE,secret
k_377d0e1371,m_98a7c5ce4f,2024-02-01 00:00:00.0000000,LIVE,secret
k_37cfb39264,m_43e41877e5,2024-01-10 00:00:00.0000000,TEST,secret
k_37dcd0a0d0,m_8f52ee4bb0,2024-02-05 00:00:00.0000000,TEST,secret
k_380f307e6c,m_1dbd6a0f4a,2024-01-26 00:00:00.0000000,TEST,secret
k_3810c1e5dd,m_f4a293c733,2024-02-20 00:00:00.0000000,TEST,secret
k_382c19914b,m_8ea0fd18f2,2024-02-22 00:00:00.0000000,LIVE,secret
k_3871ca71c5,m_250c027d7e,2024-02-21 00:00:00.0000000,TEST,secret
k_388c2faf8e,m_779132a7ec,2024-03-01 00:00:00.0000000,LIVE,secret
k_38990dd6ab,m_169330386a,2024-02-22 00:00:00.0000000,LIVE,secret
k_38bb17eea4,m_aa9beef584,2024-02-24 00:00:00.0000000,TEST,secret
k_3915331033,m_1a2b51f33c,2024-01-21 00:00:00.0000000,LIVE,secret
k_394b2b1605,m_a7201d3654,2024-02-02 00:00:00.0000000,LIVE,secret
k_3951bd7029,m_87be9b1af6,2024-02-19 00:00:00.0000000,LIVE,secret
k_395b53e503,m_4b2d64b5b4,2024-01-13 00:00:00.0000000,LIVE,secret
k_39e47ec641,m_29e61588b7,2024-02-28 00:00:00.0000000,TEST,secret
k_3a2168e0a1,m_d4886c2660,2024-01-10 00:00:00.0000000,TEST,secret
k_3a4ef50a3c,m_0e46ae487c,2024-02-02 00:00:00.0000000,TEST,secret
k_3ad1faf8fe,m_76e363dea3,2024-01-28 00:00:00.0000000,TEST,secret
k_3b53ee1498,m_d84e23cfe4,2024-01-17 00:00:00.0000000,TEST,secret
k_3b5f305aa0,m_24c6aea3fc,2024-01-29 00:00:00.0000000,LIVE,secret
k_3b738d12ac,m_bbca084bbc,2024-02-25 00:00:00.0000000,TEST,secret
k_3bbba77eee,m_e8368a8208,2024-02-02 00:00:00.0000000,TEST,secret
k_3c7eb14099,m_1ceb4d525d,2024-02-05 00:00:00.0000000,LIVE,secret
k_3cef96c1dc,m_fd2108536e,2024-02-29 00:00:00.0000000,LIVE,secret
k_3d123129ed,m_41c16c2f71,2024-01-18 00:00:00.0000000,TEST,secret
k_3d219f1561,m_249f5dfd43,2024-02-13 00:00:00.0000000,LIVE,secret
k_3d5cf8555e,m_9ca8168236,2024-01-08 00:00:00.0000000,TEST,secret
k_3dff51d070,m_4d1676ece9,2024-02-23 00:00:00.0000000,TEST,secret
k_3e0ac90289,m_442afafa89,2024-01-08 00:00:00.0000000,TEST,secret
k_3e6ad0b0a9,m_9ccd8e2b37,2024-02-22 00:00:00.0000000,TEST,secret
k_3e6b7dac88,m_8da4c18fe0,2024-02-12 00:00:00.0000000,LIVE,secret
k_3e9559f53e,m_ad1073e1b6,2024-01-30 00:00:00.0000000,LIVE,secret
k_3eb6b1f014,m_4bbb0be18b,2024-03-01 00:00:00.0000000,LIVE,secret
k_3ebe38cbb8,m_0085e707d2,2024-01-26 00:00:00.0000000,LIVE,secret
k_3ef1661737,m_bb135e7de4,2024-02-16 00:00:00.0000000,LIVE,secret
k_3ef6cc4b29,m_5ff0235905,2024-02-03 00:00:00.0000000,TEST,secret
k_3f333b4775,m_c4a3191b2c,2024-02-02 00:00:00.0000000,LIVE,secret
k_3f37cf14aa,m_5afbb18ef1,2024-01-11 00:00:00.0000000,TEST,secret
k_3f48934c10,m_fd776c66cf,2024-01-10 00:00:00.0000000,LIVE,secret
k_3f4d9d58cc,m_c50752c2e0,2024-01-16 00:00:00.0000000,TEST,secret
k_3f89703455,m_217d21793a,2024-02-25 00:00:00.0000000,TEST,secret
k_3f8f0d10b3,m_2c8bcd4117,2024-01-21 00:00:00.0000000,TEST,secret
k_3faab5069c,m_387b7e1774,2024-02-09 00:00:00.0000000,TEST,secret
k_400495d582,m_c4a6136686,2024-02-24 00:00:00.0000000,TEST,secret
k_40285094cb,m_2c92260fe0,2024-01-17 00:00:00.0000000,TEST,secret
k_403096e384,m_9934f53be6,2024-01-27 00:00:00.0000000,TEST,secret
k_403eb1f71a,m_f3aae8f6ce,2024-02-09 00:00:00.0000000,LIVE,secret
k_403f3b5828,m_264dd5a676,2024-02-14 00:00:00.0000000,TEST,secret
k_406b530efb,m_eba4f772df,2024-02-05 00:00:00.0000000,TEST,secret
k_407b08419b,m_044ef9cb06,2024-03-05 00:00:00.0000000,LIVE,secret
k_40818bc2b5,m_1daaab45fa,2024-01-22 00:00:00.0000000,TEST,secret
k_40b10752fa,m_d5d3c39acf,2024-01-23 00:00:00.0000000,TEST,secret
k_410b187229,m_08a7dc622f,2024-02-18 00:00:00.0000000,TEST,secret
k_41802272d5,m_23c3c28070,2024-02-15 00:00:00.0000000,LIVE,secret
k_41b45bea4a,m_8f8863c047,2024-01-22 00:00:00.0000000,TEST,secret
k_41bfb2851b,m_653a1a8a3d,2024-01-22 00:00:00.0000000,TEST,secret
k_42142941dc,m_29b897d103,2024-01-21 00:00:00.0000000,LIVE,secret
k_421590914c,m_aa052e5b6f,2024-01-03 00:00:00.0000000,TEST,secret
k_427bf17994,m_292333b8ef,2024-03-04 00:00:00.0000000,LIVE,secret
k_42c284d7e1,m_b2850e4c16,2024-02-07 00:00:00.0000000,TEST,secret
k_4376515175,m_b7ac5cd0d4,2024-01-08 00:00:00.0000000,LIVE,secret
k_43cfa627d1,m_0b63edeb9f,2024-01-30 00:00:00.0000000,LIVE,secret
k_4428aceccc,m_fac7a11f14,2024-01-12 00:00:00.0000000,LIVE,secret
k_4453ac041e,m_85083dd0f0,2024-02-05 00:00:00.0000000,TEST,secret
k_44eb0aaa8b,m_1ceb4d525d,2024-02-01 00:00:00.0000000,TEST,secret
k_44fa6fdb04,m_c9b9785d32,2024-02-18 00:00:00.0000000,LIVE,secret
k_459951a454,m_3add94cc04,2024-02-23 00:00:00.0000000,TEST,secret
k_46680320b5,m_9bf727197f,2024-03-02 00:00:00.0000000,LIVE,secret
k_466a2b6ef6,m_8974c835c0,2024-02-09 00:00:00.0000000,TEST,secret
k_46e48cda34,m_70ef414429,2024-01-20 00:00:00.0000000,TEST,secret
k_46f842d4a4,m_366f98eda7,2024-01-31 00:00:00.0000000,LIVE,secret
k_470e19b7f7,m_1ee8da2274,2024-02-02 00:00:00.0000000,TEST,secret
k_4741bb9e54,m_29fa4af120,2024-01-20 00:00:00.0000000,TEST,secret
k_47553dc7fa,m_e5ff22e0bc,2024-01-29 00:00:00.0000000,TEST,secret
k_479b351e9b,m_2d3153137d,2024-02-05 00:00:00.0000000,TEST,secret
k_47dab5c682,m_27628ff0c5,2024-01-12 00:00:00.0000000,LIVE,secret
k_47f1801fa2,m_ca464e89fe,2024-02-12 00:00:00.0000000,TEST,secret
k_47f46513b0,m_9dafa16a2f,2024-01-26 00:00:00.0000000,TEST,secret
k_480c327a7e,m_d42077fb9d,2024-02-02 00:00:00.0000000,LIVE,secret
k_4895311eba,m_e61b569d8a,2024-02-29 00:00:00.0000000,LIVE,secret
k_489a3f49e9,m_0f9baa1676,2024-01-27 00:00:00.0000000,TEST,secret
k_48c05519f5,m_f1d7b2a4ab,2024-01-19 00:00:00.0000000,LIVE,secret
k_49137cfb82,m_2472aa89db,2024-02-27 00:00:00.0000000,TEST,secret
k_49883dd8a8,m_96f967078e,2024-02-17 00:00:00.0000000,TEST,secret
k_499f217a38,m_3bc40babf3,2024-01-28 00:00:00.0000000,LIVE,secret
k_4a09731879,m_feea22267a,2024-02-19 00:00:00.0000000,TEST,secret
k_4a8de40a3f,m_b97ad0826f,2024-01-23 00:00:00.0000000,LIVE,secret
k_4b0c73965e,m_f391cdaa4c,2024-01-31 00:00:00.0000000,TEST,secret
k_4b599b1aaa,m_5cd001c122,2024-01-22 00:00:00.0000000,LIVE,secret
k_4b94614504,m_563d65aed0,2024-01-19 00:00:00.0000000,LIVE,secret
k_4b9928178e,m_6e54106e8a,2024-02-10 00:00:00.0000000,TEST,secret
k_4b9ef72d74,m_73d8b36703,2024-01-10 00:00:00.0000000,TEST,secret
k_4c339d1558,m_35ab80bd91,2024-02-22 00:00:00.0000000,TEST,secret
k_4c5f12ac15,m_4bda98f51d,2024-02-13 00:00:00.0000000,TEST,secret
k_4c860279c0,m_d8cc7789e3,2024-01-27 00:00:00.0000000,TEST,secret
k_4cbdf4c207,m_87132165b0,2024-02-25 00:00:00.0000000,LIVE,secret
k_4ccf2b22e6,m_ae7828a4bc,2024-01-24 00:00:00.0000000,TEST,secret
k_4d08fbe154,m_6e54106e8a,2024-02-14 00:00:00.0000000,LIVE,secret
k_4d32750a40,m_7f89edd5d5,2024-01-10 00:00:00.0000000,TEST,secret
k_4d5562b5eb,m_681ab78517,2024-01-17 00:00:00.0000000,LIVE,secret
k_4de9357637,m_795340fd40,2024-01-16 00:00:00.0000000,TEST,secret
k_4e0ca93b6e,m_af105d17e0,2024-02-25 00:00:00.0000000,TEST,secret
k_4e3922362f,m_2a68de4044,2024-01-02 00:00:00.0000000,TEST,secret
k_4e5e1e7e50,m_3ecc19e3b6,2024-01-15 00:00:00.0000000,TEST,secret
k_4e64a6a5d8,m_785b902c91,2024-01-07 00:00:00.0000000,LIVE,secret
k_4ea8b5c1ff,m_fd2108536e,2024-02-25 00:00:00.0000000,TEST,secret
k_4eb2bb72ae,m_03a6e19aa3,2024-02-12 00:00:00.0000000,TEST,secret
k_4eb7659c64,m_a167ed79d5,2024-02-15 00:00:00.0000000,TEST,secret
k_4ec9234d0f,m_15ba2b6121,2024-03-03 00:00:00.0000000,LIVE,secret
k_4f22da8847,m_70ef414429,2024-01-24 00:00:00.0000000,LIVE,secret
k_4f680c40ca,m_367f3691ac,2024-01-28 00:00:00.0000000,TEST,secret
k_4febf962c2,m_5c54772cb3,2024-01-11 00:00:00.0000000,TEST,secret
k_4fef5ecfaf,m_774f91aef3,2024-02-07 00:00:00.0000000,LIVE,secret
k_50344a4af7,m_7477acaa3d,2024-02-14 00:00:00.0000000,LIVE,secret
k_5035c57d35,m_0b63edeb9f,2024-01-26 00:00:00.0000000,TEST,secret
k_50989d3ef2,m_779132a7ec,2024-02-26 00:00:00.0000000,TEST,secret
k_509c6249f7,m_a6999e29e6,2024-02-12 00:00:00.0000000,TEST,secret
k_50ad95e689,m_d481643ac8,2024-01-21 00:00:00.0000000,LIVE,secret
k_50f7a39765,m_72932eece9,2024-01-04 00:00:00.0000000,TEST,secret
k_5133e64471,m_6a985a222c,2024-01-29 00:00:00.0000000,LIVE,secret
k_51a5d4df3a,m_02f4599a40,2024-01-06 00:00:00.0000000,TEST,secret
k_51d45a8ec1,m_1c2af2ea45,2024-02-25 00:00:00.0000000,LIVE,secret
k_51d569c3ab,m_5458894590,2024-02-20 00:00:00.0000000,TEST,secret
k_51ede2fd0d,m_0612c5b2ba,2024-02-28 00:00:00.0000000,TEST,secret
k_5282af4a6e,m_681ab78517,2024-01-13 00:00:00.0000000,TEST,secret
k_52a46755af,m_0dcf3fab6e,2024-02-12 00:00:00.0000000,TEST,secret
k_5333538468,m_3a0b2655c2,2024-02-12 00:00:00.0000000,TEST,secret
k_538398d4c3,m_41edae325c,2024-01-13 00:00:00.0000000,LIVE,secret
k_538627a9d4,m_352ea48c17,2024-01-17 00:00:00.0000000,TEST,secret
k_53bacc3e50,m_260ea9a310,2024-02-14 00:00:00.0000000,TEST,secret
k_53d6e5a5e5,m_0963313c5e,2024-02-26 00:00:00.0000000,LIVE,secret
k_5401967b4d,m_d47303d417,2024-01-24 00:00:00.0000000,TEST,secret
k_5414e2dff4,m_d06f0a4803,2024-02-21 00:00:00.0000000,LIVE,secret
k_5426562feb,m_a9535b07e7,2024-02-15 00:00:00.0000000,TEST,secret
k_54485c3979,m_e32758c867,2024-02-07 00:00:00.0000000,LIVE,secret
k_5475c88b01,m_6c41c7e460,2024-01-27 00:00:00.0000000,LIVE,secret
k_54a1d98934,m_5cd001c122,2024-01-18 00:00:00.0000000,TEST,secret
k_54d7a6cffd,m_842c3a84a3,2024-01-07 00:00:00.0000000,LIVE,secret
k_550a6458e4,m_e5762005c0,2024-03-01 00:00:00.0000000,TEST,secret
k_55195e70f2,m_04a70a2b7b,2024-02-19 00:00:00.0000000,LIVE,secret
k_557249362d,m_3372dbb15a,2024-02-24 00:00:00.0000000,TEST,secret
k_559729e41e,m_ff50f026dc,2024-02-08 00:00:00.0000000,TEST,secret
k_55a3cdd4a3,m_8b7dfc029d,2024-01-10 00:00:00.0000000,TEST,secret
k_55a48ba903,m_32b096247f,2024-01-31 00:00:00.0000000,TEST,secret
k_55b5f9f9ba,m_ecf43862f9,2024-02-18 00:00:00.0000000,TEST,secret
k_55ca3c5343,m_e1eb58cc69,2024-02-28 00:00:00.0000000,TEST,secret
k_55eb85de78,m_3cbccdfbe2,2024-02-10 00:00:00.0000000,LIVE,secret
k_5638b91419,m_8072e002cd,2024-01-17 00:00:00.0000000,LIVE,secret
k_5650d8d03f,m_3dce738f35,2024-01-10 00:00:00.0000000,LIVE,secret
k_567bbe09f0,m_f969e9850d,2024-01-10 00:00:00.0000000,TEST,secret
k_5690aa69d3,m_3343cdeae1,2024-02-19 00:00:00.0000000,LIVE,secret
k_571fd6eac4,m_29fa4af120,2024-01-24 00:00:00.0000000,LIVE,secret
k_57b68c8ae2,m_06e4d0ee44,2024-01-13 00:00:00.0000000,TEST,secret
k_57c8ea5abf,m_16e1660a09,2024-02-17 00:00:00.0000000,TEST,secret
k_57ca063e31,m_6410c62ac0,2024-01-19 00:00:00.0000000,TEST,secret
k_58263df17a,m_ffed1b45c2,2024-02-10 00:00:00.0000000,LIVE,secret
k_5849d55ef9,m_b22e58fcaf,2024-01-09 00:00:00.0000000,TEST,secret
k_58ed4ba39e,m_8b7dfc029d,2024-01-14 00:00:00.0000000,LIVE,secret
k_595fd5856d,m_6c5e1314fa,2024-02-26 00:00:00.0000000,LIVE,secret
k_596800ee02,m_fcedb8c240,2024-01-14 00:00:00.0000000,LIVE,secret
k_5a30f99a80,m_12077ff851,2024-01-17 00:00:00.0000000,LIVE,secret
k_5a49d0db81,m_e61b569d8a,2024-02-25 00:00:00.0000000,TEST,secret
k_5a90569934,m_9ff8bc491d,2024-02-18 00:00:00.0000000,LIVE,secret
k_5ad997eb58,m_a4cb633421,2024-01-22 00:00:00.0000000,TEST,secret
k_5ae0172746,m_f6132644ff,2024-02-20 00:00:00.0000000,TEST,secret
k_5ae46ae58b,m_c9b9785d32,2024-02-14 00:00:00.0000000,TEST,secret
k_5ae827e5b1,m_b6c5ec39ef,2024-01-23 00:00:00.0000000,LIVE,secret
k_5af2bac604,m_d23e74626e,2024-02-24 00:00:00.0000000,TEST,secret
k_5b22c78c28,m_381a368a84,2024-01-14 00:00:00.0000000,TEST,secret
k_5b38980567,m_652a7e8a8f,2024-01-25 00:00:00.0000000,TEST,secret
k_5b64fdf0af,m_aa99f091bc,2024-02-14 00:00:00.0000000,LIVE,secret
k_5b756b72e5,m_80a272248c,2024-03-03 00:00:00.0000000,LIVE,secret
k_5b7f33ca69,m_ae0f14ce27,2024-01-08 00:00:00.0000000,TEST,secret
k_5bd6b61314,m_9f0e865230,2024-02-26 00:00:00.0000000,LIVE,secret
k_5c1c25850f,m_5af252200c,2024-02-22 00:00:00.0000000,LIVE,secret
k_5c4827c26a,m_d7a431dee9,2024-02-26 00:00:00.0000000,TEST,secret
k_5d4e4ba77b,m_9fd2c103fb,2024-01-16 00:00:00.0000000,LIVE,secret
k_5d4eb1e7d2,m_88a3907415,2024-01-20 00:00:00.0000000,LIVE,secret
k_5d67b6b150,m_72de4cd20d,2024-02-18 00:00:00.0000000,LIVE,secret
k_5e7019d822,m_41c16c2f71,2024-01-22 00:00:00.0000000,LIVE,secret
k_5e7365c52b,m_ecf43862f9,2024-02-22 00:00:00.0000000,LIVE,secret
k_5e73d16746,m_7eeeba7574,2024-02-24 00:00:00.0000000,TEST,secret
k_5e7a7faf2c,m_477c7bf1cb,2024-03-02 00:00:00.0000000,LIVE,secret
k_5e9b397871,m_6d03123f2b,2024-02-09 00:00:00.0000000,LIVE,secret
k_5f04e51251,m_5a2966607f,2024-02-23 00:00:00.0000000,TEST,secret
k_5f093578ca,m_9d43863046,2024-01-24 00:00:00.0000000,TEST,secret
k_5f238dcaf0,m_1ddf35afa4,2024-01-11 00:00:00.0000000,TEST,secret
k_5f767d0e1c,m_2d480b2df9,2024-02-28 00:00:00.0000000,TEST,secret
k_5f79ec143a,m_1cc1fdcdd0,2024-01-28 00:00:00.0000000,LIVE,secret
k_5f8468381e,m_fd776c66cf,2024-01-06 00:00:00.0000000,TEST,secret
k_5fc5ca542f,m_f509d20312,2024-01-25 00:00:00.0000000,TEST,secret
k_5fca4926a6,m_0b19e4df03,2024-02-14 00:00:00.0000000,TEST,secret
k_6063fc6b02,m_22833a3a43,2024-02-14 00:00:00.0000000,TEST,secret
k_60caafc05d,m_f91e5a3cdb,2024-02-28 00:00:00.0000000,TEST,secret
k_60ffe6c958,m_24a7092178,2024-01-25 00:00:00.0000000,TEST,secret
k_6138dbd569,m_61b5ff8f19,2024-02-01 00:00:00.0000000,TEST,secret
k_615b2e41fa,m_6151937c23,2024-03-02 00:00:00.0000000,LIVE,secret
k_616c5d3be3,m_dd2a3aa7b7,2024-01-05 00:00:00.0000000,TEST,secret
k_6175c4fcf8,m_1dbd6a0f4a,2024-01-30 00:00:00.0000000,LIVE,secret
k_619e56c8a7,m_28691cd760,2024-02-24 00:00:00.0000000,LIVE,secret
k_61d4cbf9a5,m_d0c2795faa,2024-01-17 00:00:00.0000000,TEST,secret
k_61e66c425a,m_9e26a1d45a,2024-01-16 00:00:00.0000000,TEST,secret
k_62299469f9,m_755abd5e8d,2024-01-18 00:00:00.0000000,TEST,secret
k_62430d7f97,m_2988f6eef7,2024-03-01 00:00:00.0000000,TEST,secret
k_6244c29826,m_3bbc480854,2024-01-10 00:00:00.0000000,TEST,secret
k_626e2eabd9,m_c4a3191b2c,2024-01-29 00:00:00.0000000,TEST,secret
k_6298fe62c4,m_91f24ed4ef,2024-01-03 00:00:00.0000000,TEST,secret
k_63332f7a26,m_ae0f14ce27,2024-01-12 00:00:00.0000000,LIVE,secret
k_6419227512,m_15f67e1c85,2024-02-16 00:00:00.0000000,LIVE,secret
k_64efcf4f75,m_24c6aea3fc,2024-01-25 00:00:00.0000000,TEST,secret
k_64fd9ca2e7,m_49ca3ee0b3,2024-02-11 00:00:00.0000000,LIVE,secret
k_652d16a281,m_8da4c18fe0,2024-02-08 00:00:00.0000000,TEST,secret
k_654c4f6ae4,m_c9896b9dda,2024-02-22 00:00:00.0000000,TEST,secret
k_65a4790c11,m_d5d9830a3c,2024-01-29 00:00:00.0000000,TEST,secret
k_65ca733ef8,m_8c47af6e7d,2024-02-16 00:00:00.0000000,TEST,secret
k_65cc3479e8,m_9f0e865230,2024-02-22 00:00:00.0000000,TEST,secret
k_6657ab9afb,m_471a369034,2024-01-25 00:00:00.0000000,TEST,secret
k_6686ca5d6f,m_66e80bba52,2024-01-14 00:00:00.0000000,TEST,secret
k_66a5cb93be,m_fa2c1c0e07,2024-02-14 00:00:00.0000000,LIVE,secret
k_66b5ee5a5c,m_7a0ab9a43b,2024-01-22 00:00:00.0000000,LIVE,secret
k_66c49ab322,m_898ded2410,2024-01-17 00:00:00.0000000,TEST,secret
k_66eda561ff,m_7381cd61b1,2024-02-28 00:00:00.0000000,TEST,secret
k_66fc71f56e,m_43e41877e5,2024-01-14 00:00:00.0000000,LIVE,secret
k_671907be26,m_d99f6e6fb3,2024-02-11 00:00:00.0000000,LIVE,secret
k_671e9dbd71,m_563d65aed0,2024-01-15 00:00:00.0000000,TEST,secret
k_672c7db9d3,m_350fc21058,2024-01-30 00:00:00.0000000,TEST,secret
k_6803494a21,m_7e882ba60b,2024-02-07 00:00:00.0000000,LIVE,secret
k_6818dfd374,m_92486d9b26,2024-02-13 00:00:00.0000000,TEST,secret
k_68a85fbc24,m_e34eced250,2024-02-25 00:00:00.0000000,LIVE,secret
k_6905b6ad65,m_1c7cdae480,2024-02-18 00:00:00.0000000,LIVE,secret
k_693abe69f8,m_5ee85e64fd,2024-01-09 00:00:00.0000000,LIVE,secret
k_6993540160,m_d42077fb9d,2024-01-29 00:00:00.0000000,TEST,secret
k_69ba1913fc,m_96c5e30bbf,2024-02-05 00:00:00.0000000,TEST,secret
k_69c29db77b,m_ab8dab403e,2024-02-06 00:00:00.0000000,LIVE,secret
k_69daa629b0,m_0df8fd450d,2024-01-20 00:00:00.0000000,TEST,secret
k_69e773b67c,m_f6132644ff,2024-02-24 00:00:00.0000000,LIVE,secret
k_6a669581dc,m_0612c5b2ba,2024-03-03 00:00:00.0000000,LIVE,secret
k_6afac50189,m_0cd0a5139b,2024-01-12 00:00:00.0000000,TEST,secret
k_6b0572a510,m_9ff8bc491d,2024-02-14 00:00:00.0000000,TEST,secret
k_6b0c3608f8,m_83b9b73b68,2024-02-02 00:00:00.0000000,TEST,secret
k_6b86cd7dd0,m_b7ac5cd0d4,2024-01-04 00:00:00.0000000,TEST,secret
k_6c02e51989,m_db8eb5fb94,2024-01-12 00:00:00.0000000,TEST,secret
k_6c6457fc2e,m_29e61588b7,2024-03-03 00:00:00.0000000,LIVE,secret
k_6cc10d5035,m_c0078c079b,2024-02-27 00:00:00.0000000,TEST,secret
k_6cf268d2ab,m_1a2b51f33c,2024-01-17 00:00:00.0000000,TEST,secret
k_6d420dfe8d,m_39442e0896,2024-02-09 00:00:00.0000000,TEST,secret
k_6d43745a56,m_e9246a07c5,2024-02-06 00:00:00.0000000,LIVE,secret
k_6d83c5e815,m_a0fb1203a8,2024-02-11 00:00:00.0000000,LIVE,secret
k_6da9bf8c13,m_8ba4a957e5,2024-02-29 00:00:00.0000000,TEST,secret
k_6ddac3214c,m_59792d7346,2024-01-08 00:00:00.0000000,LIVE,secret
k_6ddcc33f29,m_1c7cdae480,2024-02-14 00:00:00.0000000,TEST,secret
k_6e13f2fc1b,m_89aba4b8a9,2024-02-19 00:00:00.0000000,TEST,secret
k_6e35445fd2,m_7452724447,2024-02-06 00:00:00.0000000,LIVE,secret
k_6e3cc4d993,m_e2dc9e5c72,2024-01-24 00:00:00.0000000,LIVE,secret
k_6e62e4c89f,m_e8b789047f,2024-03-01 00:00:00.0000000,TEST,secret
k_6ef5ac100d,m_372504a9f0,2024-01-29 00:00:00.0000000,TEST,secret
k_6f17001946,m_075e13f3a4,2024-02-26 00:00:00.0000000,LIVE,secret
k_6f48111fc1,m_d01b7c6e94,2024-02-06 00:00:00.0000000,TEST,secret
k_6fa5788024,m_0085e707d2,2024-01-22 00:00:00.0000000,TEST,secret
k_6faee143d1,m_0a33294aa4,2024-02-09 00:00:00.0000000,TEST,secret
k_6fe5c2904c,m_3b987f526e,2024-02-01 00:00:00.0000000,LIVE,secret
k_6ff13bb354,m_3b6f5e7ab7,2024-01-19 00:00:00.0000000,TEST,secret
k_6ffaf1651c,m_075e13f3a4,2024-02-22 00:00:00.0000000,TEST,secret
k_703dfb8152,m_2616e6dd1e,2024-01-06 00:00:00.0000000,LIVE,secret
k_709f19b016,m_fac7a11f14,2024-01-08 00:00:00.0000000,TEST,secret
k_70cd58d9e6,m_c0ddf20c04,2024-02-16 00:00:00.0000000,TEST,secret
k_70d29d78f1,m_b2800c20f2,2024-02-09 00:00:00.0000000,LIVE,secret
k_7153429558,m_afdadda8e4,2024-02-12 00:00:00.0000000,TEST,secret
k_7173cdda9c,m_181b8476e0,2024-02-02 00:00:00.0000000,TEST,secret
k_719f6c1ee6,m_a7a62a2cd5,2024-03-01 00:00:00.0000000,TEST,secret
k_71a55dc96f,m_ba4896a688,2024-01-27 00:00:00.0000000,TEST,secret
k_720fa4ae1a,m_9fd2c103fb,2024-01-12 00:00:00.0000000,TEST,secret
k_723d2359a4,m_d057b239bc,2024-01-17 00:00:00.0000000,TEST,secret
k_7272c19a67,m_afc4334094,2024-02-23 00:00:00.0000000,LIVE,secret
k_7284d4fa6b,m_ad1073e1b6,2024-01-26 00:00:00.0000000,TEST,secret
k_72bbb3e69c,m_cd838fc3bc,2024-01-02 00:00:00.0000000,TEST,secret
k_72be4df419,m_abf09afec7,2024-02-21 00:00:00.0000000,TEST,secret
k_72db2d7f9a,m_510e9da692,2024-02-06 00:00:00.0000000,TEST,secret
k_72eea46a28,m_8f2bbc2a61,2024-02-05 00:00:00.0000000,TEST,secret
k_731db0341d,m_fec1c26eb3,2024-02-23 00:00:00.0000000,TEST,secret
k_732c5ba660,m_4dba1746af,2024-01-16 00:00:00.0000000,TEST,secret
k_733c7a0695,m_90b4fd15c7,2024-02-06 00:00:00.0000000,LIVE,secret
k_737f751b57,m_aef8f92b52,2024-02-19 00:00:00.0000000,TEST,secret
k_740ad500fd,m_79e8d26561,2024-01-25 00:00:00.0000000,LIVE,secret
k_744be85717,m_b0e9528736,2024-03-01 00:00:00.0000000,LIVE,secret
k_7460a52813,m_fe5fc2e5e8,2024-02-19 00:00:00.0000000,TEST,secret
k_747fc431a5,m_eee9847a51,2024-01-12 00:00:00.0000000,TEST,secret
k_74b1a358f9,m_785b902c91,2024-01-03 00:00:00.0000000,TEST,secret
k_7559bdc0f9,m_2946032d52,2024-02-28 00:00:00.0000000,LIVE,secret
k_756218d3d3,m_b0ba9a23c9,2024-02-19 00:00:00.0000000,TEST,secret
k_759916d3bf,m_59792d7346,2024-01-04 00:00:00.0000000,TEST,secret
k_75edb9bf2e,m_c68c9f18a3,2024-02-15 00:00:00.0000000,TEST,secret
k_7612b274d2,m_db20d821c3,2024-01-04 00:00:00.0000000,TEST,secret
k_7618433d6f,m_ce35229458,2024-02-10 00:00:00.0000000,TEST,secret
k_766c20c88a,m_3ba995f686,2024-01-14 00:00:00.0000000,TEST,secret
k_767b20cbd1,m_e5762005c0,2024-03-05 00:00:00.0000000,LIVE,secret
k_768d9100f8,m_22b9004798,2024-02-21 00:00:00.0000000,TEST,secret
k_7744c02f8e,m_d7b5593d5b,2024-01-24 00:00:00.0000000,LIVE,secret
k_77dac757d4,m_23c3c28070,2024-02-11 00:00:00.0000000,TEST,secret
k_785fe908ba,m_8b230dc17b,2024-01-23 00:00:00.0000000,TEST,secret
k_794d751679,m_9214d93262,2024-01-26 00:00:00.0000000,LIVE,secret
k_79967d4e42,m_442afe6b8b,2024-01-21 00:00:00.0000000,TEST,secret
k_79a233ca13,m_b2850e4c16,2024-02-11 00:00:00.0000000,LIVE,secret
k_79c249924e,m_2bb400aae8,2024-02-10 00:00:00.0000000,TEST,secret
k_79e19c59d3,m_29df738521,2024-01-28 00:00:00.0000000,TEST,secret
k_7ab1de522e,m_7ddddf7c98,2024-01-21 00:00:00.0000000,LIVE,secret
k_7ac7ad6bd9,m_b5ea0c78a5,2024-02-22 00:00:00.0000000,TEST,secret
k_7afb270cfa,m_1c52d68aa6,2024-02-28 00:00:00.0000000,TEST,secret
k_7b12357d4e,m_e2458d1cb3,2024-01-21 00:00:00.0000000,TEST,secret
k_7b21788af3,m_184699b8c1,2024-02-07 00:00:00.0000000,LIVE,secret
k_7bb61ddd13,m_6c5e1314fa,2024-02-22 00:00:00.0000000,TEST,secret
k_7bb99899a3,m_1c18ca4f64,2024-02-27 00:00:00.0000000,LIVE,secret
k_7c14ff1415,m_729489e917,2024-02-02 00:00:00.0000000,LIVE,secret
k_7c3da6e5d1,m_da5e30a8a7,2024-02-29 00:00:00.0000000,TEST,secret
k_7c69b9e824,m_fea0706a29,2024-01-22 00:00:00.0000000,TEST,secret
k_7c7f0a097f,m_436b89fbb7,2024-03-01 00:00:00.0000000,TEST,secret
k_7daf1f21a4,m_0c814b691f,2024-01-17 00:00:00.0000000,TEST,secret
k_7dde8d8095,m_02f736b6c7,2024-03-03 00:00:00.0000000,LIVE,secret
k_7f024161a5,m_b0e9528736,2024-02-26 00:00:00.0000000,TEST,secret
k_7f2f6f5e20,m_677a0b5879,2024-01-28 00:00:00.0000000,TEST,secret
k_7fff9df8bf,m_68f1d7cd2b,2024-01-19 00:00:00.0000000,TEST,secret
k_80535f23d9,m_d4e8d2212a,2024-01-09 00:00:00.0000000,TEST,secret
k_8098487c24,m_293d02a872,2024-01-08 00:00:00.0000000,TEST,secret
k_80a782a6d2,m_437cf27b48,2024-02-10 00:00:00.0000000,TEST,secret
k_80c39c7e4c,m_9ea160ff97,2024-02-12 00:00:00.0000000,LIVE,secret
k_8148f3497b,m_5c041429a0,2024-02-10 00:00:00.0000000,TEST,secret
k_814f8557b0,m_d6ed37905e,2024-02-01 00:00:00.0000000,TEST,secret
k_8176f8ac08,m_bf3a7a2c1b,2024-02-10 00:00:00.0000000,TEST,secret
k_817718896f,m_f3aae8f6ce,2024-02-05 00:00:00.0000000,TEST,secret
k_8258df653f,m_f0be43ae2d,2024-01-26 00:00:00.0000000,TEST,secret
k_828dd4899e,m_0da104f5ea,2024-03-05 00:00:00.0000000,LIVE,secret
k_82c005ce1f,m_05057afafc,2024-02-23 00:00:00.0000000,TEST,secret
k_82d2aa7701,m_ce9b091606,2024-03-01 00:00:00.0000000,TEST,secret
k_831ed940bf,m_ffac6cc615,2024-02-07 00:00:00.0000000,TEST,secret
k_83301cc881,m_f2d59ab547,2024-01-23 00:00:00.0000000,TEST,secret
k_840a90fbb2,m_66a94b454d,2024-01-22 00:00:00.0000000,LIVE,secret
k_843f975366,m_58d35b3823,2024-01-07 00:00:00.0000000,TEST,secret
k_8454aff92f,m_8c47af6e7d,2024-02-20 00:00:00.0000000,LIVE,secret
k_8464fcf424,m_de71462a6a,2024-03-01 00:00:00.0000000,TEST,secret
k_8468e9ef68,m_f46937c7e4,2024-01-14 00:00:00.0000000,LIVE,secret
k_85ae38ec8f,m_8ae2078642,2024-02-27 00:00:00.0000000,TEST,secret
k_85ed2eb90a,m_9ea160ff97,2024-02-08 00:00:00.0000000,TEST,secret
k_85ff676c11,m_7243af85da,2024-01-23 00:00:00.0000000,TEST,secret
k_861065b8e7,m_0a0817ce3a,2024-03-04 00:00:00.0000000,LIVE,secret
k_8656e2218f,m_58d35b3823,2024-01-11 00:00:00.0000000,LIVE,secret
k_865e5608b3,m_aee406d367,2024-02-05 00:00:00.0000000,TEST,secret
k_8677c9bfb0,m_a7a62a2cd5,2024-03-05 00:00:00.0000000,LIVE,secret
k_8698c551a0,m_08a7dc622f,2024-02-22 00:00:00.0000000,LIVE,secret
k_86c6995afe,m_87be9b1af6,2024-02-15 00:00:00.0000000,TEST,secret
k_86cc99e779,m_8118a3d422,2024-02-03 00:00:00.0000000,TEST,secret
k_86d429b8d0,m_5ee85e64fd,2024-01-05 00:00:00.0000000,TEST,secret
k_86e5794e8d,m_e621c07329,2024-01-12 00:00:00.0000000,LIVE,secret
k_870dd16af3,m_7f0123dd7d,2024-01-04 00:00:00.0000000,TEST,secret
k_878dba5d70,m_8072e002cd,2024-01-13 00:00:00.0000000,TEST,secret
k_87c359c814,m_a7db056b1d,2024-02-04 00:00:00.0000000,LIVE,secret
k_8827473398,m_1a68c4cbb4,2024-02-17 00:00:00.0000000,TEST,secret
k_8835ac2882,m_60af9b2554,2024-02-01 00:00:00.0000000,LIVE,secret
k_8860eb0feb,m_bba19d84a4,2024-01-24 00:00:00.0000000,TEST,secret
k_893a3caa3f,m_d06f0a4803,2024-02-17 00:00:00.0000000,TEST,secret
k_897bc01d38,m_8eae277ea1,2024-01-14 00:00:00.0000000,TEST,secret
k_898b6299c5,m_5a0ef6e9ed,2024-01-30 00:00:00.0000000,TEST,secret
k_89b8417755,m_b40003448e,2024-02-23 00:00:00.0000000,LIVE,secret
k_89ba9a7507,m_53e1cf17dd,2024-02-26 00:00:00.0000000,LIVE,secret
k_89e31abae6,m_69112f2e56,2024-01-25 00:00:00.0000000,TEST,secret
k_89e77e7a83,m_640753638b,2024-02-05 00:00:00.0000000,TEST,secret
k_8a3a679cab,m_c3cad3331d,2024-01-25 00:00:00.0000000,LIVE,secret
k_8a669e7c0c,m_da52fe880f,2024-01-02 00:00:00.0000000,TEST,secret
k_8a953d077e,m_47879f784c,2024-01-22 00:00:00.0000000,TEST,secret
k_8aabbd583a,m_0535155beb,2024-01-07 00:00:00.0000000,TEST,secret
k_8b2f92b396,m_70b2998001,2024-02-15 00:00:00.0000000,LIVE,secret
k_8bebfee549,m_02f4599a40,2024-01-10 00:00:00.0000000,LIVE,secret
k_8c2fd492fa,m_80ace90443,2024-02-25 00:00:00.0000000,LIVE,secret
k_8ca3c2ba05,m_550aee8a05,2024-02-02 00:00:00.0000000,TEST,secret
k_8cb0c81aa4,m_e34eced250,2024-02-21 00:00:00.0000000,TEST,secret
k_8d34bddaf5,m_2fc28d4a6b,2024-02-03 00:00:00.0000000,LIVE,secret
k_8d933b2fb3,m_90b3df7a8a,2024-01-05 00:00:00.0000000,TEST,secret
k_8dea0ef65b,m_50b7dd7ecc,2024-01-23 00:00:00.0000000,TEST,secret
k_8e1ae48ce8,m_26d81405de,2024-02-28 00:00:00.0000000,TEST,secret
k_8e3aa4cdc8,m_e1eb58cc69,2024-03-03 00:00:00.0000000,LIVE,secret
k_8e3ab09400,m_76f33fc663,2024-02-25 00:00:00.0000000,LIVE,secret
k_8e51856ea5,m_3343cdeae1,2024-02-15 00:00:00.0000000,TEST,secret
k_8e5e9fa60a,m_476fd597f6,2024-01-08 00:00:00.0000000,TEST,secret
k_8eafafa135,m_ba01ea8637,2024-01-06 00:00:00.0000000,LIVE,secret
k_8f05fb8544,m_4bc66994d6,2024-02-25 00:00:00.0000000,LIVE,secret
k_8f3fbbf8b0,m_b745c60d28,2024-02-03 00:00:00.0000000,LIVE,secret
k_8f43331605,m_89c155e3ed,2024-02-07 00:00:00.0000000,TEST,secret
k_8f4f88e9e3,m_a4ea3e63f9,2024-02-19 00:00:00.0000000,LIVE,secret
k_8f6a6b223b,m_d481643ac8,2024-01-17 00:00:00.0000000,TEST,secret
k_8f92349b55,m_50b7dd7ecc,2024-01-27 00:00:00.0000000,LIVE,secret
k_8fcacd3fce,m_90de9e30d9,2024-02-11 00:00:00.0000000,TEST,secret
k_90013854d4,m_f1d7b2a4ab,2024-01-15 00:00:00.0000000,TEST,secret
k_90f9144c76,m_3bbc480854,2024-01-14 00:00:00.0000000,LIVE,secret
k_917022fe6c,m_32b096247f,2024-02-04 00:00:00.0000000,LIVE,secret
k_9188659078,m_2364b72971,2024-01-03 00:00:00.0000000,TEST,secret
k_91ede116dd,m_a33211b01f,2024-02-14 00:00:00.0000000,TEST,secret
k_921343fdc8,m_bf3a7a2c1b,2024-02-14 00:00:00.0000000,LIVE,secret
k_922c91d406,m_e907e8138c,2024-01-30 00:00:00.0000000,TEST,secret
k_923733174e,m_b953dac151,2024-03-04 00:00:00.0000000,LIVE,secret
k_924db82802,m_bd4ab71913,2024-02-23 00:00:00.0000000,LIVE,secret
k_9255bab28e,m_4cb0ef01fc,2024-01-31 00:00:00.0000000,LIVE,secret
k_92bb1ceb5f,m_06ae3eee96,2024-03-05 00:00:00.0000000,LIVE,secret
k_9379c64a4d,m_ab1b165aac,2024-01-16 00:00:00.0000000,LIVE,secret
k_937ed2532c,m_80a272248c,2024-02-28 00:00:00.0000000,TEST,secret
k_938346835d,m_5256ceaa87,2024-02-14 00:00:00.0000000,LIVE,secret
k_939bcc1ffe,m_2a175d8d78,2024-02-19 00:00:00.0000000,TEST,secret
k_93afd4f03b,m_6151937c23,2024-02-27 00:00:00.0000000,TEST,secret
k_9456fbe64b,m_3a9024559f,2024-01-09 00:00:00.0000000,TEST,secret
k_94c1ae4281,m_da065a694d,2024-01-14 00:00:00.0000000,TEST,secret
k_94c97dff69,m_0a0817ce3a,2024-02-29 00:00:00.0000000,TEST,secret
k_94fc62fa06,m_1521b5045d,2024-01-05 00:00:00.0000000,TEST,secret
k_95270879a3,m_4894dedfee,2024-02-04 00:00:00.0000000,TEST,secret
k_95aa3f6c5b,m_88a3907415,2024-01-16 00:00:00.0000000,TEST,secret
k_95eaf226a2,m_293d02a872,2024-01-12 00:00:00.0000000,LIVE,secret
k_9632dac50b,m_b824b200b5,2024-02-13 00:00:00.0000000,LIVE,secret
k_9649c18fcc,m_dda63e3c5d,2024-02-10 00:00:00.0000000,LIVE,secret
k_96632f4a52,m_3679ad302c,2024-01-30 00:00:00.0000000,LIVE,secret
k_968448dbf9,m_8e03759679,2024-02-21 00:00:00.0000000,LIVE,secret
k_96c4b2f254,m_2e0c794d1b,2024-02-28 00:00:00.0000000,TEST,secret
k_96ede335d5,m_6d1b6c2b47,2024-01-10 00:00:00.0000000,TEST,secret
k_96f332a948,m_06ae3eee96,2024-03-01 00:00:00.0000000,TEST,secret
k_972a7bbc9a,m_d6beb00e5d,2024-02-29 00:00:00.0000000,TEST,secret
k_972b29816f,m_8fd9fd041b,2024-02-14 00:00:00.0000000,TEST,secret
k_974b2489d9,m_e50a58266c,2024-02-28 00:00:00.0000000,LIVE,secret
k_975145e20a,m_8eae277ea1,2024-01-18 00:00:00.0000000,LIVE,secret
k_97666a3403,m_612ea50710,2024-02-07 00:00:00.0000000,TEST,secret
k_97e548904b,m_61b5ff8f19,2024-02-05 00:00:00.0000000,LIVE,secret
k_9805bf18ac,m_cfaad15ce5,2024-01-07 00:00:00.0000000,TEST,secret
k_98283d1595,m_db8eb5fb94,2024-01-16 00:00:00.0000000,LIVE,secret
k_984b2df6ad,m_93e952436e,2024-01-28 00:00:00.0000000,TEST,secret
k_987b6cc6b0,m_250c87aa54,2024-02-16 00:00:00.0000000,TEST,secret
k_988fb3278a,m_89c155e3ed,2024-02-11 00:00:00.0000000,LIVE,secret
k_98d08f94f6,m_fcb224417d,2024-01-06 00:00:00.0000000,TEST,secret
k_98d983b54d,m_067751ce34,2024-01-10 00:00:00.0000000,TEST,secret
k_9927fc6398,m_d7206fb2c2,2024-02-01 00:00:00.0000000,TEST,secret
k_9946096926,m_c741fbba85,2024-02-07 00:00:00.0000000,TEST,secret
k_999df94c84,m_a2e3907623,2024-03-01 00:00:00.0000000,TEST,secret
k_9a0810f891,m_c39ad39100,2024-02-05 00:00:00.0000000,TEST,secret
k_9a3231aa08,m_2472aa89db,2024-03-02 00:00:00.0000000,LIVE,secret
k_9a46df96e8,m_70863806eb,2024-01-28 00:00:00.0000000,LIVE,secret
k_9a7d793bf8,m_508bb99920,2024-01-09 00:00:00.0000000,TEST,secret
k_9ab6c14861,m_972c3b19a0,2024-02-07 00:00:00.0000000,TEST,secret
k_9ab88feef2,m_a4ea3e63f9,2024-02-15 00:00:00.0000000,TEST,secret
k_9b17e59887,m_2d3153137d,2024-02-09 00:00:00.0000000,LIVE,secret
k_9c1fbc383b,m_bba19d84a4,2024-01-28 00:00:00.0000000,LIVE,secret
k_9c95842eae,m_0cd31d704f,2024-02-04 00:00:00.0000000,TEST,secret
k_9cd2d91c6d,m_12872df906,2024-01-18 00:00:00.0000000,LIVE,secret
k_9d037b37e5,m_169330386a,2024-02-18 00:00:00.0000000,TEST,secret
k_9d356bb5a0,m_c82d29a5d7,2024-01-15 00:00:00.0000000,LIVE,secret
k_9d3eff359c,m_eff50f62e9,2024-02-09 00:00:00.0000000,LIVE,secret
k_9d44757b8c,m_b953dac151,2024-02-29 00:00:00.0000000,TEST,secret
k_9d72c4151b,m_e093912b8d,2024-03-05 00:00:00.0000000,LIVE,secret
k_9d7dc0b6a8,m_4bbb0be18b,2024-02-26 00:00:00.0000000,TEST,secret
k_9ddd7cc855,m_8b988d81c0,2024-02-19 00:00:00.0000000,LIVE,secret
k_9e97d2090f,m_0428750f7d,2024-01-05 00:00:00.0000000,TEST,secret
k_9ec1e2648f,m_7452724447,2024-02-02 00:00:00.0000000,TEST,secret
k_9eeafdaf86,m_bbca084bbc,2024-02-29 00:00:00.0000000,LIVE,secret
k_9f3e015ade,m_782e6c13e1,2024-03-05 00:00:00.0000000,LIVE,secret
k_9faafae67c,m_d6ed37905e,2024-02-05 00:00:00.0000000,LIVE,secret
k_9fb0efe15c,m_17210dcac4,2024-02-29 00:00:00.0000000,LIVE,secret
k_9fddc28228,m_ced3fdd40f,2024-02-03 00:00:00.0000000,TEST,secret
k_9fde069372,m_68d64cfbb6,2024-01-27 00:00:00.0000000,TEST,secret
k_a011ed907b,m_db53c471e6,2024-01-04 00:00:00.0000000,TEST,secret
k_a0181678ce,m_5661e6dc0f,2024-02-07 00:00:00.0000000,TEST,secret
k_a06e393ddf,m_80ace90443,2024-02-21 00:00:00.0000000,TEST,secret
k_a0b5b70e03,m_347e686f04,2024-01-27 00:00:00.0000000,TEST,secret
k_a0bc0acf06,m_14591d2f1b,2024-01-26 00:00:00.0000000,TEST,secret
k_a0c7f58776,m_3730742521,2024-02-21 00:00:00.0000000,TEST,secret
k_a16eafec12,m_50be243ae4,2024-02-08 00:00:00.0000000,LIVE,secret
k_a1774ee26a,m_cee18748c2,2024-01-15 00:00:00.0000000,TEST,secret
k_a18354ad09,m_8fd9fd041b,2024-02-18 00:00:00.0000000,LIVE,secret
k_a1a02c74f7,m_9b9c2ffe5e,2024-03-05 00:00:00.0000000,LIVE,secret
k_a1de956786,m_d01b7c6e94,2024-02-10 00:00:00.0000000,LIVE,secret
k_a20ddb443d,m_570ff787b5,2024-01-20 00:00:00.0000000,TEST,secret
k_a237b36d08,m_8ea0fd18f2,2024-02-18 00:00:00.0000000,TEST,secret
k_a270b3e5e4,m_8a19a2f57a,2024-01-20 00:00:00.0000000,LIVE,secret
k_a2710066ff,m_70285871e0,2024-02-27 00:00:00.0000000,TEST,secret
k_a326207c11,m_69dd069e8a,2024-02-23 00:00:00.0000000,TEST,secret
k_a370e02cf9,m_dd2a3aa7b7,2024-01-09 00:00:00.0000000,LIVE,secret
k_a3f11585ac,m_f8c9b82dcb,2024-01-09 00:00:00.0000000,TEST,secret
k_a41bf6b1e9,m_11c30dc2e9,2024-02-03 00:00:00.0000000,TEST,secret
k_a42541b14c,m_e019f14d80,2024-02-12 00:00:00.0000000,LIVE,secret
k_a4cec01a96,m_32f5ca7323,2024-02-28 00:00:00.0000000,TEST,secret
k_a4eb8c8aa8,m_75d0daff2b,2024-01-08 00:00:00.0000000,LIVE,secret
k_a575b26519,m_f3b97bde07,2024-02-02 00:00:00.0000000,TEST,secret
k_a6268c0be3,m_6d03123f2b,2024-02-05 00:00:00.0000000,TEST,secret
k_a63798b6c8,m_b4f0f5cbdd,2024-02-03 00:00:00.0000000,TEST,secret
k_a642fb7c9d,m_a7201d3654,2024-01-29 00:00:00.0000000,TEST,secret
k_a64f1309e6,m_afc8dce618,2024-02-28 00:00:00.0000000,TEST,secret
k_a6bb95bc75,m_528dcddfb7,2024-02-09 00:00:00.0000000,LIVE,secret
k_a6d6e3b6aa,m_13e6f888f3,2024-02-09 00:00:00.0000000,TEST,secret
k_a726851cce,m_5a2966607f,2024-02-27 00:00:00.0000000,LIVE,secret
k_a79f4dd4e3,m_e12f461842,2024-01-20 00:00:00.0000000,LIVE,secret
k_a7c883ab0e,m_e8b8ab65d3,2024-02-07 00:00:00.0000000,TEST,secret
k_a819706271,m_1b57c603d7,2024-01-05 00:00:00.0000000,TEST,secret
k_a851337c5e,m_a52d574a55,2024-01-18 00:00:00.0000000,TEST,secret
k_a950c293e2,m_56a80ef3a4,2024-02-11 00:00:00.0000000,LIVE,secret
k_a96803a2b5,m_ddf2807eab,2024-01-26 00:00:00.0000000,TEST,secret
k_a9c60695d5,m_f8c0a59d96,2024-03-05 00:00:00.0000000,LIVE,secret
k_aa11956796,m_181a0b1326,2024-02-10 00:00:00.0000000,LIVE,secret
k_aa3a0ada91,m_d7a431dee9,2024-03-01 00:00:00.0000000,LIVE,secret
k_aa5bd3e006,m_95875b7311,2024-01-10 00:00:00.0000000,LIVE,secret
k_aaeca00c81,m_58f0ce9d26,2024-01-06 00:00:00.0000000,LIVE,secret
k_ab15ce4ed0,m_9f43e91f79,2024-01-19 00:00:00.0000000,TEST,secret
k_ab5e79eeb2,m_aa99f091bc,2024-02-10 00:00:00.0000000,TEST,secret
k_aba2e1cbed,m_b5ea0c78a5,2024-02-26 00:00:00.0000000,LIVE,secret
k_aba86b2863,m_a5321f2652,2024-01-31 00:00:00.0000000,TEST,secret
k_abb6ae6e7a,m_fc2065ba41,2024-01-26 00:00:00.0000000,TEST,secret
k_ac3f63936d,m_3cbccdfbe2,2024-02-06 00:00:00.0000000,TEST,secret
k_ac68dc49f7,m_30315e8abb,2024-02-11 00:00:00.0000000,LIVE,secret
k_ac812b92a5,m_d65103c8c7,2024-01-08 00:00:00.0000000,TEST,secret
k_ace30048b9,m_32922f97ae,2024-02-26 00:00:00.0000000,LIVE,secret
k_ace81a12d8,m_8000a710f5,2024-01-31 00:00:00.0000000,LIVE,secret
k_ad2a59af63,m_40f0ac96eb,2024-01-24 00:00:00.0000000,TEST,secret
k_ad35f223b7,m_4fb18550a0,2024-02-19 00:00:00.0000000,TEST,secret
k_ad6f36c10b,m_f6a5bc3506,2024-01-03 00:00:00.0000000,TEST,secret
k_ad770cac27,m_2b65e6087c,2024-02-08 00:00:00.0000000,TEST,secret
k_ad88e2d691,m_90203a4037,2024-02-02 00:00:00.0000000,TEST,secret
k_adae6d1518,m_64355aa980,2024-03-05 00:00:00.0000000,LIVE,secret
k_adc50fc423,m_fe5fc2e5e8,2024-02-23 00:00:00.0000000,LIVE,secret
k_adea33d525,m_9e66493f21,2024-01-25 00:00:00.0000000,TEST,secret
k_adf5489bf4,m_7ddddf7c98,2024-01-17 00:00:00.0000000,TEST,secret
k_adfac92849,m_f46937c7e4,2024-01-10 00:00:00.0000000,TEST,secret
k_ae3260e78e,m_c57ae6c452,2024-02-19 00:00:00.0000000,TEST,secret
k_ae99ecfd80,m_e8368a8208,2024-02-06 00:00:00.0000000,LIVE,secret
k_aee16c9eb2,m_15f67e1c85,2024-02-12 00:00:00.0000000,TEST,secret
k_af208d94f2,m_b40003448e,2024-02-19 00:00:00.0000000,TEST,secret
k_af31ed07e4,m_1878e4770b,2024-01-26 00:00:00.0000000,TEST,secret
k_afa7b40756,m_89c8ac284c,2024-03-03 00:00:00.0000000,LIVE,secret
k_afac874aa0,m_cbb189b323,2024-02-28 00:00:00.0000000,LIVE,secret
k_afd6d9947d,m_674316adbd,2024-01-10 00:00:00.0000000,LIVE,secret
k_afe9edb164,m_6aa1b90585,2024-02-01 00:00:00.0000000,TEST,secret
k_aff57e9ec7,m_2b9796bc3e,2024-01-31 00:00:00.0000000,TEST,secret
k_b0ae9a31d4,m_bdcbc0ef5d,2024-02-28 00:00:00.0000000,TEST,secret
k_b0dc732a66,m_6172221481,2024-01-21 00:00:00.0000000,TEST,secret
k_b0f90fca1d,m_0cd386f249,2024-01-02 00:00:00.0000000,TEST,secret
k_b142ff39b4,m_63a1b3f639,2024-02-11 00:00:00.0000000,TEST,secret
k_b148270c99,m_321414b094,2024-01-27 00:00:00.0000000,LIVE,secret
k_b15570d59b,m_e95496b89e,2024-02-14 00:00:00.0000000,TEST,secret
k_b15b17c725,m_9432f62506,2024-01-21 00:00:00.0000000,TEST,secret
k_b1940a9b4b,m_2c2abcfbc3,2024-02-15 00:00:00.0000000,LIVE,secret
k_b22113097b,m_08e6cc639a,2024-01-03 00:00:00.0000000,TEST,secret
k_b22881b407,m_f192109734,2024-02-05 00:00:00.0000000,TEST,secret
k_b241a63164,m_490667463d,2024-03-05 00:00:00.0000000,LIVE,secret
k_b2a747f47c,m_e42fef6048,2024-02-03 00:00:00.0000000,TEST,secret
k_b2d57484ff,m_70b56d545d,2024-02-15 00:00:00.0000000,TEST,secret
k_b2fbd76b7f,m_c21c0ce176,2024-02-09 00:00:00.0000000,TEST,secret
k_b3144ca1cb,m_aea6e2e37b,2024-02-05 00:00:00.0000000,TEST,secret
k_b31551a5f2,m_a766f54c17,2024-02-24 00:00:00.0000000,TEST,secret
k_b3711d4f0f,m_95875b7311,2024-01-06 00:00:00.0000000,TEST,secret
k_b3ac9af4b1,m_e7790fea82,2024-01-03 00:00:00.0000000,TEST,secret
k_b3c67d849b,m_e6b154ec9c,2024-02-09 00:00:00.0000000,LIVE,secret
k_b3c9b3c3ed,m_b3b2c91d06,2024-01-31 00:00:00.0000000,TEST,secret
k_b3dcd9c218,m_d4e8d2212a,2024-01-13 00:00:00.0000000,LIVE,secret
k_b3e973c8f4,m_7b0b332148,2024-02-13 00:00:00.0000000,LIVE,secret
k_b43bcfe8c4,m_fcb224417d,2024-01-10 00:00:00.0000000,LIVE,secret
k_b4a8310e47,m_e18f08fe9a,2024-02-18 00:00:00.0000000,TEST,secret
k_b50743b34d,m_5256ceaa87,2024-02-10 00:00:00.0000000,TEST,secret
k_b5d9528334,m_3ff0ec631c,2024-02-10 00:00:00.0000000,TEST,secret
k_b6162bf897,m_c3c52690a4,2024-01-08 00:00:00.0000000,LIVE,secret
k_b681a064bd,m_9214d93262,2024-01-22 00:00:00.0000000,TEST,secret
k_b747d9c7e5,m_c05d83807d,2024-02-26 00:00:00.0000000,LIVE,secret
k_b75a376fd1,m_e4c9f5d677,2024-01-07 00:00:00.0000000,LIVE,secret
k_b75e82afdd,m_6485f0d614,2024-02-17 00:00:00.0000000,TEST,secret
k_b786281380,m_fb62988e38,2024-02-07 00:00:00.0000000,TEST,secret
k_b798e36851,m_d23e74626e,2024-02-28 00:00:00.0000000,LIVE,secret
k_b7c3f3da21,m_7cf231f57f,2024-01-03 00:00:00.0000000,TEST,secret
k_b7d64e1ca5,m_7de20245e9,2024-01-27 00:00:00.0000000,LIVE,secret
k_b87a24c6a1,m_fcedb8c240,2024-01-10 00:00:00.0000000,TEST,secret
k_b8a630dbfc,m_cfaad15ce5,2024-01-11 00:00:00.0000000,LIVE,secret
k_b8d0736632,m_184699b8c1,2024-02-03 00:00:00.0000000,TEST,secret
k_b91506b23e,m_32132e463f,2024-02-27 00:00:00.0000000,TEST,secret
k_b931e79854,m_98a7c5ce4f,2024-01-28 00:00:00.0000000,TEST,secret
k_b979a0f1f6,m_dca74c9179,2024-01-30 00:00:00.0000000,LIVE,secret
k_ba45c2b5bb,m_11c30dc2e9,2024-02-07 00:00:00.0000000,LIVE,secret
k_ba93fafb77,m_1ddf35afa4,2024-01-15 00:00:00.0000000,LIVE,secret
k_baf3c2bceb,m_89aba4b8a9,2024-02-23 00:00:00.0000000,LIVE,secret
k_bb068da0ec,m_e50a58266c,2024-02-24 00:00:00.0000000,TEST,secret
k_bb43135b6b,m_7381cd61b1,2024-03-03 00:00:00.0000000,LIVE,secret
k_bb724e62c4,m_1ac3590983,2024-02-09 00:00:00.0000000,TEST,secret
k_bbb1634323,m_2ad89f07ee,2024-01-21 00:00:00.0000000,TEST,secret
k_bbb6cd11a4,m_990a8f98b1,2024-01-03 00:00:00.0000000,TEST,secret
k_bbfbb7eb63,m_aaefedc9e5,2024-01-18 00:00:00.0000000,TEST,secret
k_bc64582b7b,m_1e9dec1386,2024-01-12 00:00:00.0000000,LIVE,secret
k_bc7268f123,m_bf9c78ca9f,2024-02-09 00:00:00.0000000,TEST,secret
k_bc9a869571,m_f2d59ab547,2024-01-27 00:00:00.0000000,LIVE,secret
k_bcd06494e7,m_fd0bc2c459,2024-01-07 00:00:00.0000000,TEST,secret
k_bd0f5e3969,m_32922f97ae,2024-02-22 00:00:00.0000000,TEST,secret
k_bd67811ea4,m_9112550cdc,2024-01-24 00:00:00.0000000,TEST,secret
k_bd84f115fa,m_cb634384f0,2024-02-03 00:00:00.0000000,TEST,secret
k_bdaf034b5b,m_7f7d8e35d9,2024-01-31 00:00:00.0000000,TEST,secret
k_bdc273ef5b,m_e9246a07c5,2024-02-02 00:00:00.0000000,TEST,secret
k_bdeff6ea13,m_661674c0c0,2024-01-27 00:00:00.0000000,TEST,secret
k_be46b856a0,m_5a20b84bcc,2024-02-20 00:00:00.0000000,LIVE,secret
k_be9bd3182c,m_6da18fa087,2024-01-24 00:00:00.0000000,TEST,secret
k_bed09f67b0,m_7619409c0c,2024-01-30 00:00:00.0000000,TEST,secret
k_bef1ba1a52,m_f47e0ca190,2024-01-18 00:00:00.0000000,TEST,secret
k_bf645ebe6b,m_fc00d0aae3,2024-02-15 00:00:00.0000000,LIVE,secret
k_bfa4763cc4,m_aebad89e92,2024-01-25 00:00:00.0000000,TEST,secret
k_bfb3235f6a,m_5a0ef6e9ed,2024-02-03 00:00:00.0000000,LIVE,secret
k_bff1022f62,m_ada8a2ef14,2024-01-28 00:00:00.0000000,TEST,secret
k_bffdc668f0,m_e2458d1cb3,2024-01-25 00:00:00.0000000,LIVE,secret
k_c04326fcc3,m_bea24d6e34,2024-01-15 00:00:00.0000000,TEST,secret
k_c04f9c3238,m_1144dcadf3,2024-01-14 00:00:00.0000000,LIVE,secret
k_c0d3edcb92,m_990a8f98b1,2024-01-07 00:00:00.0000000,LIVE,secret
k_c0e7eba61e,m_86b6fa20d7,2024-02-06 00:00:00.0000000,LIVE,secret
k_c10c526fe1,m_0880f17b89,2024-01-28 00:00:00.0000000,LIVE,secret
k_c1195de4b5,m_6c41c7e460,2024-01-23 00:00:00.0000000,TEST,secret
k_c15fcb293e,m_614788b43e,2024-02-05 00:00:00.0000000,LIVE,secret
k_c16f3a116b,m_6a8922f52c,2024-02-08 00:00:00.0000000,LIVE,secret
k_c1a14b1723,m_6c0824bcc8,2024-02-13 00:00:00.0000000,TEST,secret
k_c1cd32a609,m_2d480b2df9,2024-03-03 00:00:00.0000000,LIVE,secret
k_c24c5243d6,m_80e637d6a7,2024-02-27 00:00:00.0000000,LIVE,secret
k_c25b1438f9,m_368052d2a8,2024-02-22 00:00:00.0000000,TEST,secret
k_c26348bce0,m_a818e9dbf5,2024-01-13 00:00:00.0000000,TEST,secret
k_c2678cb0ae,m_62ce402988,2024-02-20 00:00:00.0000000,LIVE,secret
k_c2dd3bbc24,m_0dcf3fab6e,2024-02-16 00:00:00.0000000,LIVE,secret
k_c3550567ac,m_710ea96f47,2024-01-02 00:00:00.0000000,TEST,secret
k_c38c7681e4,m_8b988d81c0,2024-02-15 00:00:00.0000000,TEST,secret
k_c39bfcd9ad,m_ed7ebf64fe,2024-02-23 00:00:00.0000000,TEST,secret
k_c39cb04d0e,m_7b4d7a2894,2024-02-20 00:00:00.0000000,TEST,secret
k_c3bc6d31d9,m_6a4f427387,2024-02-05 00:00:00.0000000,TEST,secret
k_c3bf002b63,m_04a70a2b7b,2024-02-15 00:00:00.0000000,TEST,secret
k_c46fd9d5c8,m_f8c9b82dcb,2024-01-13 00:00:00.0000000,LIVE,secret
k_c47cb8bd1f,m_e88f068854,2024-01-20 00:00:00.0000000,TEST,secret
k_c5284fdf13,m_36ab1e818f,2024-01-25 00:00:00.0000000,TEST,secret
k_c551683798,m_471a369034,2024-01-29 00:00:00.0000000,LIVE,secret
k_c57cb37945,m_fa2c1c0e07,2024-02-10 00:00:00.0000000,TEST,secret
k_c59e978c78,m_2b65e6087c,2024-02-12 00:00:00.0000000,LIVE,secret
k_c59f550bcb,m_7b0b332148,2024-02-09 00:00:00.0000000,TEST,secret
k_c5a34a515e,m_2a42374400,2024-01-16 00:00:00.0000000,TEST,secret
k_c658bd2775,m_d99f6e6fb3,2024-02-07 00:00:00.0000000,TEST,secret
k_c659f0779e,m_90b3df7a8a,2024-01-09 00:00:00.0000000,LIVE,secret
k_c66f5419a6,m_a0ecbb09ce,2024-02-03 00:00:00.0000000,TEST,secret
k_c6a48d331c,m_35ab80bd91,2024-02-26 00:00:00.0000000,LIVE,secret
k_c6a85f6c7e,m_eb5e95bbf3,2024-02-23 00:00:00.0000000,LIVE,secret
k_c6bbe0f698,m_72de4cd20d,2024-02-14 00:00:00.0000000,TEST,secret
k_c6f845dad2,m_1e9dec1386,2024-01-08 00:00:00.0000000,TEST,secret
k_c708e99293,m_223fd438d3,2024-01-23 00:00:00.0000000,LIVE,secret
k_c75ac38946,m_fc00d0aae3,2024-02-11 00:00:00.0000000,TEST,secret
k_c7c9ceaab6,m_ea6f8a88f6,2024-01-06 00:00:00.0000000,TEST,secret
k_c80f5b71e9,m_d84e23cfe4,2024-01-21 00:00:00.0000000,LIVE,secret
k_c884711df3,m_f6a5bc3506,2024-01-07 00:00:00.0000000,LIVE,secret
k_c8a6e08f2b,m_d04f3054ae,2024-02-21 00:00:00.0000000,TEST,secret
k_c8ec2baa2d,m_9bf727197f,2024-02-27 00:00:00.0000000,TEST,secret
k_c8fefab52c,m_a8abebb787,2024-02-26 00:00:00.0000000,LIVE,secret
k_c91c4651e4,m_771d35c6c7,2024-02-08 00:00:00.0000000,LIVE,secret
k_c929ae5509,m_b5a12bcd37,2024-01-26 00:00:00.0000000,TEST,secret
k_c92ae6f3b9,m_7323dd03b9,2024-01-14 00:00:00.0000000,TEST,secret
k_c96ff08c62,m_9fe1a0e869,2024-02-22 00:00:00.0000000,LIVE,secret
k_c9757d7e42,m_b824b200b5,2024-02-09 00:00:00.0000000,TEST,secret
k_c98a0c2d67,m_51f5e8dc90,2024-01-29 00:00:00.0000000,TEST,secret
k_c9d4e25607,m_ab32329de2,2024-02-12 00:00:00.0000000,TEST,secret
k_c9db37ec89,m_e8b8ab65d3,2024-02-11 00:00:00.0000000,LIVE,secret
k_c9f1d71652,m_9432f62506,2024-01-25 00:00:00.0000000,LIVE,secret
k_ca03926cea,m_10ed12ff38,2024-02-27 00:00:00.0000000,TEST,secret
k_ca05169810,m_d6beb00e5d,2024-03-04 00:00:00.0000000,LIVE,secret
k_ca0ee4fb90,m_fcfe3fc982,2024-01-25 00:00:00.0000000,LIVE,secret
k_ca127f0990,m_aeb7dfe344,2024-01-26 00:00:00.0000000,TEST,secret
k_ca44a78f8d,m_8ba4a957e5,2024-03-04 00:00:00.0000000,LIVE,secret
k_ca46036b36,m_8dfaae8206,2024-02-06 00:00:00.0000000,TEST,secret
k_ca81836c9c,m_65765aed2c,2024-02-17 00:00:00.0000000,LIVE,secret
k_cab0c937bf,m_3372dbb15a,2024-02-28 00:00:00.0000000,LIVE,secret
k_cac7d9dd18,m_c5c85a8466,2024-02-02 00:00:00.0000000,LIVE,secret
k_cad08ecd4b,m_51f5e8dc90,2024-02-02 00:00:00.0000000,LIVE,secret
k_cb0f00f2c4,m_fea0706a29,2024-01-26 00:00:00.0000000,LIVE,secret
k_cb420e4104,m_a642533d25,2024-01-31 00:00:00.0000000,LIVE,secret
k_cb9752ae61,m_7eeeba7574,2024-02-28 00:00:00.0000000,LIVE,secret
k_cbccccf268,m_2378f14fce,2024-01-25 00:00:00.0000000,TEST,secret
k_cbdf691853,m_264dd5a676,2024-02-18 00:00:00.0000000,LIVE,secret
k_cc059ea36b,m_9e26a1d45a,2024-01-20 00:00:00.0000000,LIVE,secret
k_cc16247282,m_39442e0896,2024-02-13 00:00:00.0000000,LIVE,secret
k_cc1ea8f461,m_e4c9f5d677,2024-01-03 00:00:00.0000000,TEST,secret
k_ccbbb148ef,m_53e1cf17dd,2024-02-22 00:00:00.0000000,TEST,secret
k_cce126dec2,m_249f5dfd43,2024-02-09 00:00:00.0000000,TEST,secret
k_cce146d275,m_80e637d6a7,2024-02-23 00:00:00.0000000,TEST,secret
k_cce40f8f3f,m_a8abebb787,2024-02-22 00:00:00.0000000,TEST,secret
k_cd0b4a06e7,m_05057afafc,2024-02-27 00:00:00.0000000,LIVE,secret
k_cd794364f1,m_73062da649,2024-01-15 00:00:00.0000000,LIVE,secret
k_cddc87452d,m_70863806eb,2024-01-24 00:00:00.0000000,TEST,secret
k_cf26a2d8bb,m_98212f2404,2024-02-09 00:00:00.0000000,TEST,secret
k_cf5dc420a0,m_223fd438d3,2024-01-19 00:00:00.0000000,TEST,secret
k_cf6633885e,m_674316adbd,2024-01-06 00:00:00.0000000,TEST,secret
k_cf868e1f26,m_6aa1b90585,2024-02-05 00:00:00.0000000,LIVE,secret
k_cf9daa4f3f,m_3095be967f,2024-02-05 00:00:00.0000000,TEST,secret
k_cff2ddf7f2,m_dca74c9179,2024-01-26 00:00:00.0000000,TEST,secret
k_d00100c37c,m_5e7799257d,2024-02-02 00:00:00.0000000,LIVE,secret
k_d01071c7ec,m_0b19e4df03,2024-02-18 00:00:00.0000000,LIVE,secret
k_d035fbfe6c,m_f3b97bde07,2024-02-06 00:00:00.0000000,LIVE,secret
k_d03c109f90,m_fa6aa8dd82,2024-01-06 00:00:00.0000000,TEST,secret
k_d0588125b4,m_8e93e938bd,2024-02-22 00:00:00.0000000,LIVE,secret
k_d0788a8bed,m_6205fdb61b,2024-02-22 00:00:00.0000000,TEST,secret
k_d08d9aea47,m_41edae325c,2024-01-09 00:00:00.0000000,TEST,secret
k_d095078afe,m_c7e8c5391e,2024-01-13 00:00:00.0000000,TEST,secret
k_d0b960e7d9,m_75d0daff2b,2024-01-04 00:00:00.0000000,TEST,secret
k_d107014dd8,m_46206c3e66,2024-01-25 00:00:00.0000000,TEST,secret
k_d109a68075,m_bde56d0a33,2024-02-26 00:00:00.0000000,LIVE,secret
k_d117f02883,m_612ea50710,2024-02-11 00:00:00.0000000,LIVE,secret
k_d1822cf611,m_4cefda97ba,2024-01-26 00:00:00.0000000,TEST,secret
k_d1a1be2ad2,m_5466766cc2,2024-02-17 00:00:00.0000000,TEST,secret
k_d1b3d73074,m_e900775096,2024-01-09 00:00:00.0000000,LIVE,secret
k_d1f118cf93,m_d2864589de,2024-02-15 00:00:00.0000000,LIVE,secret
k_d1f24e9cb8,m_67607d7b67,2024-01-31 00:00:00.0000000,TEST,secret
k_d20da15e50,m_b661bb9370,2024-02-13 00:00:00.0000000,TEST,secret
k_d25f7b2375,m_72932eece9,2024-01-08 00:00:00.0000000,LIVE,secret
k_d27266c403,m_5cb0b41ff0,2024-02-14 00:00:00.0000000,TEST,secret
k_d29ac8ed80,m_5817aa64f6,2024-02-09 00:00:00.0000000,TEST,secret
k_d2c06a109f,m_661674c0c0,2024-01-31 00:00:00.0000000,LIVE,secret
k_d2ee5d9fb3,m_bd3c8a12a0,2024-02-14 00:00:00.0000000,TEST,secret
k_d3299c583c,m_6da18fa087,2024-01-28 00:00:00.0000000,LIVE,secret
k_d391cccf38,m_a3f28b609e,2024-02-04 00:00:00.0000000,TEST,secret
k_d3b23a8c6e,m_0da104f5ea,2024-03-01 00:00:00.0000000,TEST,secret
k_d3c2e82c69,m_d4886c2660,2024-01-14 00:00:00.0000000,LIVE,secret
k_d45e2e0688,m_1e989cf3ea,2024-03-03 00:00:00.0000000,LIVE,secret
k_d4684c4159,m_fa1900e13f,2024-02-17 00:00:00.0000000,TEST,secret
k_d4714717a3,m_68d64cfbb6,2024-01-31 00:00:00.0000000,LIVE,secret
k_d4a93c5f3e,m_66f80d7256,2024-02-21 00:00:00.0000000,TEST,secret
k_d4c482aed0,m_c05d83807d,2024-02-22 00:00:00.0000000,TEST,secret
k_d540edd1fb,m_61b6cd3d64,2024-02-18 00:00:00.0000000,TEST,secret
k_d58b374289,m_28a4e23781,2024-01-26 00:00:00.0000000,LIVE,secret
k_d5ade7860f,m_e7d910866f,2024-02-18 00:00:00.0000000,TEST,secret
k_d5b89ebe90,m_5c54772cb3,2024-01-15 00:00:00.0000000,LIVE,secret
k_d5c6e34035,m_aea8db7f13,2024-02-10 00:00:00.0000000,TEST,secret
k_d5f4c89e18,m_06ccb6373b,2024-01-05 00:00:00.0000000,TEST,secret
k_d650165423,m_49ca3ee0b3,2024-02-07 00:00:00.0000000,TEST,secret
k_d65362feb0,m_28691cd760,2024-02-20 00:00:00.0000000,TEST,secret
k_d6829a2a2a,m_6ee5b5dfd4,2024-02-24 00:00:00.0000000,TEST,secret
k_d6e125dee3,m_11eedabd9a,2024-02-03 00:00:00.0000000,LIVE,secret
k_d7030973be,m_fdbae50859,2024-02-29 00:00:00.0000000,LIVE,secret
k_d7694ab00f,m_0cccd0e0ed,2024-02-07 00:00:00.0000000,LIVE,secret
k_d808254aa7,m_3ef8f43c97,2024-03-01 00:00:00.0000000,TEST,secret
k_d81b4467c4,m_9e60d8ee82,2024-02-05 00:00:00.0000000,TEST,secret
k_d81bc82dd8,m_d65103c8c7,2024-01-12 00:00:00.0000000,LIVE,secret
k_d899b126b0,m_61b6cd3d64,2024-02-22 00:00:00.0000000,LIVE,secret
k_d8b2eb22ad,m_9934f53be6,2024-01-31 00:00:00.0000000,LIVE,secret
k_d8b67c6438,m_c4a0a4c100,2024-03-01 00:00:00.0000000,LIVE,secret
k_d8baffb8f5,m_bde56d0a33,2024-02-22 00:00:00.0000000,TEST,secret
k_d8da72c80e,m_28a4e23781,2024-01-22 00:00:00.0000000,TEST,secret
k_d91d9acbdc,m_0cccd0e0ed,2024-02-03 00:00:00.0000000,TEST,secret
k_d94bd0f225,m_4cefda97ba,2024-01-30 00:00:00.0000000,LIVE,secret
k_d9518f997a,m_83b9b73b68,2024-02-06 00:00:00.0000000,LIVE,secret
k_d9cd642cad,m_3c362258df,2024-01-07 00:00:00.0000000,TEST,secret
k_d9e034101e,m_e019f14d80,2024-02-08 00:00:00.0000000,TEST,secret
k_da0ece6790,m_5cc3b9a968,2024-02-19 00:00:00.0000000,LIVE,secret
k_da393a930f,m_83c7759db1,2024-01-13 00:00:00.0000000,TEST,secret
k_da663972e9,m_181a0b1326,2024-02-06 00:00:00.0000000,TEST,secret
k_daa96a52ec,m_bd4ab71913,2024-02-19 00:00:00.0000000,TEST,secret
k_db3ba84d26,m_fcc376107b,2024-01-12 00:00:00.0000000,LIVE,secret
k_db59cc424d,m_ae0b139f35,2024-02-20 00:00:00.0000000,TEST,secret
k_db632086c3,m_66a94b454d,2024-01-18 00:00:00.0000000,TEST,secret
k_db69a28f79,m_1f58404bdf,2024-01-09 00:00:00.0000000,TEST,secret
k_dbd5f0358b,m_6a985a222c,2024-01-25 00:00:00.0000000,TEST,secret
k_dc0938acfc,m_2616e6dd1e,2024-01-02 00:00:00.0000000,TEST,secret
k_dc11ee9ea1,m_35c27054bf,2024-02-19 00:00:00.0000000,TEST,secret
k_dc2a922ef2,m_27628ff0c5,2024-01-08 00:00:00.0000000,TEST,secret
k_ddbb905e80,m_fa5415787c,2024-02-06 00:00:00.0000000,LIVE,secret
k_ddc3a12891,m_e81bd7e536,2024-02-27 00:00:00.0000000,LIVE,secret
k_de12f92c15,m_ae0b139f35,2024-02-24 00:00:00.0000000,LIVE,secret
k_de34baa623,m_5eff2e78b7,2024-03-01 00:00:00.0000000,TEST,secret
k_de43a40728,m_ffed1b45c2,2024-02-06 00:00:00.0000000,TEST,secret
k_de681ed0f7,m_11548884d3,2024-01-13 00:00:00.0000000,TEST,secret
k_de752d0a54,m_f8c0a59d96,2024-03-01 00:00:00.0000000,TEST,secret
k_de8d7399ee,m_db53c471e6,2024-01-08 00:00:00.0000000,LIVE,secret
k_df2b4398a4,m_a86e4162cb,2024-01-25 00:00:00.0000000,TEST,secret
k_df55629122,m_46206c3e66,2024-01-29 00:00:00.0000000,LIVE,secret
k_df5b4acfda,m_edfe8aac84,2024-01-15 00:00:00.0000000,TEST,secret
k_df64ed21d2,m_17210dcac4,2024-02-25 00:00:00.0000000,TEST,secret
k_dfa44a7711,m_92ec3c0811,2024-02-04 00:00:00.0000000,TEST,secret
k_dfcd97aef1,m_e621c07329,2024-01-08 00:00:00.0000000,TEST,secret
k_e06fb402d0,m_fcfe3fc982,2024-01-21 00:00:00.0000000,TEST,secret
k_e0c254befa,m_01e9a0b208,2024-01-09 00:00:00.0000000,TEST,secret
k_e0e3db6421,m_90b4fd15c7,2024-02-02 00:00:00.0000000,TEST,secret
k_e157601abd,m_cee18748c2,2024-01-19 00:00:00.0000000,LIVE,secret
k_e17099011c,m_17043e6f5b,2024-02-26 00:00:00.0000000,LIVE,secret
k_e17ad1a8d5,m_cbb189b323,2024-02-24 00:00:00.0000000,TEST,secret
k_e183c87338,m_1c18ca4f64,2024-02-23 00:00:00.0000000,TEST,secret
k_e1ddd1db4d,m_0cbc002065,2024-01-05 00:00:00.0000000,TEST,secret
k_e297ebe9d4,m_661ab8544c,2024-01-03 00:00:00.0000000,TEST,secret
k_e2d544326c,m_396983a155,2024-02-08 00:00:00.0000000,LIVE,secret
k_e2d6679758,m_23584e377a,2024-02-19 00:00:00.0000000,TEST,secret
k_e3035a07ca,m_65c3e0b150,2024-02-21 00:00:00.0000000,LIVE,secret
k_e333734317,m_8069042711,2024-01-18 00:00:00.0000000,TEST,secret
k_e35c7b23c4,m_e12f461842,2024-01-16 00:00:00.0000000,TEST,secret
k_e3730303f7,m_bd3c8a12a0,2024-02-18 00:00:00.0000000,LIVE,secret
k_e39896db19,m_ce35229458,2024-02-14 00:00:00.0000000,LIVE,secret
k_e3a87294ce,m_3dce738f35,2024-01-06 00:00:00.0000000,TEST,secret
k_e3e22cadfb,m_c990ed76d9,2024-01-06 00:00:00.0000000,TEST,secret
k_e3e67fd6d3,m_68f1d7cd2b,2024-01-23 00:00:00.0000000,LIVE,secret
k_e427b49525,m_5817aa64f6,2024-02-13 00:00:00.0000000,LIVE,secret
k_e45b88e56c,m_12077ff851,2024-01-13 00:00:00.0000000,TEST,secret
k_e4883d93f7,m_2b87c6392f,2024-02-14 00:00:00.0000000,LIVE,secret
k_e4d5008f51,m_f173f1f84d,2024-01-15 00:00:00.0000000,TEST,secret
k_e4e4f47e27,m_c116ceb88d,2024-02-13 00:00:00.0000000,LIVE,secret
k_e4f59996af,m_70b2998001,2024-02-11 00:00:00.0000000,TEST,secret
k_e56898f05a,m_044ef9cb06,2024-03-01 00:00:00.0000000,TEST,secret
k_e5853919e6,m_901fd73754,2024-01-27 00:00:00.0000000,TEST,secret
k_e5d0cb52d4,m_03cf231ea8,2024-02-12 00:00:00.0000000,TEST,secret
k_e5de30caa0,m_9dafa16a2f,2024-01-30 00:00:00.0000000,LIVE,secret
k_e5e299db43,m_79e8d26561,2024-01-21 00:00:00.0000000,TEST,secret
k_e6ad3ea02a,m_a9535b07e7,2024-02-19 00:00:00.0000000,LIVE,secret
k_e6f2f5da88,m_ab1b165aac,2024-01-12 00:00:00.0000000,TEST,secret
k_e700a7604e,m_87132165b0,2024-02-21 00:00:00.0000000,TEST,secret
k_e741e370d8,m_aef8f92b52,2024-02-23 00:00:00.0000000,LIVE,secret
k_e7454daf55,m_cd11f556e1,2024-01-11 00:00:00.0000000,TEST,secret
k_e7591d3989,m_045d08bf26,2024-02-11 00:00:00.0000000,LIVE,secret
k_e7a0e1ae12,m_5466766cc2,2024-02-21 00:00:00.0000000,LIVE,secret
k_e8112bcc44,m_e900775096,2024-01-05 00:00:00.0000000,TEST,secret
k_e81a4391e4,m_22833a3a43,2024-02-18 00:00:00.0000000,LIVE,secret
k_e8857cd5b3,m_6d70e227e6,2024-02-22 00:00:00.0000000,LIVE,secret
k_e8f6fcde26,m_26247f35f0,2024-01-02 00:00:00.0000000,TEST,secret
k_e8fb96ee9e,m_c82d29a5d7,2024-01-11 00:00:00.0000000,TEST,secret
k_e943437511,m_80f4d2f92a,2024-02-25 00:00:00.0000000,TEST,secret
k_e987ffad51,m_6d1b6c2b47,2024-01-14 00:00:00.0000000,LIVE,secret
k_e9cb0cf8d8,m_54b728f02d,2024-01-08 00:00:00.0000000,LIVE,secret
k_ea20744799,m_30315e8abb,2024-02-07 00:00:00.0000000,TEST,secret
k_ea950c182f,m_e872a837b1,2024-01-17 00:00:00.0000000,TEST,secret
k_eab7438736,m_e5ff22e0bc,2024-02-02 00:00:00.0000000,LIVE,secret
k_ead4c5506c,m_eee87505c9,2024-02-25 00:00:00.0000000,TEST,secret
k_eb299e6cae,m_5cc3b9a968,2024-02-15 00:00:00.0000000,TEST,secret
k_eb2b34286f,m_97c26bb570,2024-01-28 00:00:00.0000000,LIVE,secret
k_eb63bfa472,m_7053f46f2e,2024-01-07 00:00:00.0000000,TEST,secret
k_eb87b2c6c6,m_e2835fd4fb,2024-01-24 00:00:00.0000000,TEST,secret
k_ec00f06080,m_58e43f9326,2024-01-29 00:00:00.0000000,TEST,secret
k_ec150e62b2,m_067751ce34,2024-01-14 00:00:00.0000000,LIVE,secret
k_ec816175fd,m_1ee8da2274,2024-02-06 00:00:00.0000000,LIVE,secret
k_ed08b6c0bc,m_782e6c13e1,2024-03-01 00:00:00.0000000,TEST,secret
k_ed18ef2fcc,m_df85a5c16c,2024-01-27 00:00:00.0000000,TEST,secret
k_ed41d1dbfc,m_2b9796bc3e,2024-02-04 00:00:00.0000000,LIVE,secret
k_ed668ae6a9,m_b48c38c55d,2024-01-09 00:00:00.0000000,TEST,secret
k_ed71a60f82,m_901fd73754,2024-01-31 00:00:00.0000000,LIVE,secret
k_edba6dc152,m_97c26bb570,2024-01-24 00:00:00.0000000,TEST,secret
k_eddfb3f2be,m_2c2abcfbc3,2024-02-11 00:00:00.0000000,TEST,secret
k_ede37b3856,m_d04f3054ae,2024-02-25 00:00:00.0000000,LIVE,secret
k_ee5c0edd53,m_df85a5c16c,2024-01-31 00:00:00.0000000,LIVE,secret
k_ee6d385f9d,m_5d529bcad9,2024-02-14 00:00:00.0000000,TEST,secret
k_ee7f2c8313,m_f488d769b2,2024-01-19 00:00:00.0000000,TEST,secret
k_eeb8251ce3,m_755abd5e8d,2024-01-22 00:00:00.0000000,LIVE,secret
k_eef789e31c,m_58f0ce9d26,2024-01-02 00:00:00.0000000,TEST,secret
k_ef5a9c9fb5,m_434fc9b1fd,2024-02-03 00:00:00.0000000,LIVE,secret
k_efd967b140,m_8e03759679,2024-02-17 00:00:00.0000000,TEST,secret
k_f023333d13,m_2fc28d4a6b,2024-01-30 00:00:00.0000000,TEST,secret
k_f094bcc3ba,m_0455c1f540,2024-01-30 00:00:00.0000000,TEST,secret
k_f0eb5647f8,m_0f9baa1676,2024-01-31 00:00:00.0000000,LIVE,secret
k_f0f62566f4,m_3ecc19e3b6,2024-01-19 00:00:00.0000000,LIVE,secret
k_f1255e513e,m_a7db056b1d,2024-01-31 00:00:00.0000000,TEST,secret
k_f14a84df9c,m_2c8bcd4117,2024-01-25 00:00:00.0000000,LIVE,secret
k_f2b8e026cb,m_63f3a7cfaa,2024-01-02 00:00:00.0000000,TEST,secret
k_f2ea037a2b,m_28d3955fa3,2024-02-07 00:00:00.0000000,LIVE,secret
k_f3186e741d,m_ddf2807eab,2024-01-30 00:00:00.0000000,LIVE,secret
k_f3195f616f,m_96c5e30bbf,2024-02-09 00:00:00.0000000,LIVE,secret
k_f31c732542,m_da5e30a8a7,2024-03-04 00:00:00.0000000,LIVE,secret
k_f3304bb60a,m_aeb7dfe344,2024-01-30 00:00:00.0000000,LIVE,secret
k_f33456bb21,m_1169f936bb,2024-02-23 00:00:00.0000000,TEST,secret
k_f4151a0153,m_23b4668299,2024-01-20 00:00:00.0000000,TEST,secret
k_f471b8e299,m_76f33fc663,2024-02-21 00:00:00.0000000,TEST,secret
k_f4bfb416e8,m_528dcddfb7,2024-02-05 00:00:00.0000000,TEST,secret
k_f50705eb14,m_9112550cdc,2024-01-28 00:00:00.0000000,LIVE,secret
k_f53aa58ed2,m_1521b5045d,2024-01-09 00:00:00.0000000,LIVE,secret
k_f56e33e443,m_c880ef91d0,2024-02-09 00:00:00.0000000,TEST,secret
k_f5d07440fe,m_89c8ac284c,2024-02-28 00:00:00.0000000,TEST,secret
k_f6e77cf645,m_f5bff98523,2024-02-20 00:00:00.0000000,LIVE,secret
k_f717bc0c74,m_c8c609aed6,2024-01-15 00:00:00.0000000,TEST,secret
k_f769b4eab4,m_e81bd7e536,2024-02-23 00:00:00.0000000,TEST,secret
k_f778bc618c,m_b2800c20f2,2024-02-05 00:00:00.0000000,TEST,secret
k_f7c101697a,m_842c3a84a3,2024-01-03 00:00:00.0000000,TEST,secret
k_f7c7dcc49a,m_cd838fc3bc,2024-01-06 00:00:00.0000000,LIVE,secret
k_f7d300daf7,m_434fc9b1fd,2024-01-30 00:00:00.0000000,TEST,secret
k_f7f28f676d,m_d86aa52afb,2024-02-22 00:00:00.0000000,TEST,secret
k_f83e6e7061,m_e7790fea82,2024-01-07 00:00:00.0000000,LIVE,secret
k_f880f26511,m_b45f7025eb,2024-02-29 00:00:00.0000000,TEST,secret
k_f8dfd6534b,m_9e60d8ee82,2024-02-09 00:00:00.0000000,LIVE,secret
k_f90088df5f,m_dfba1b9294,2024-01-08 00:00:00.0000000,TEST,secret
k_f9a1badb3e,m_70b56d545d,2024-02-19 00:00:00.0000000,LIVE,secret
k_fa0b04fced,m_73d8b36703,2024-01-14 00:00:00.0000000,LIVE,secret
k_fa13063ce2,m_0880f17b89,2024-01-24 00:00:00.0000000,TEST,secret
k_fa69cb6acb,m_3098bbde3c,2024-02-25 00:00:00.0000000,TEST,secret
k_fa9e45a8df,m_6630e38e09,2024-01-31 00:00:00.0000000,LIVE,secret
k_faa0306548,m_54b728f02d,2024-01-04 00:00:00.0000000,TEST,secret
k_faa88aab02,m_7053f46f2e,2024-01-11 00:00:00.0000000,LIVE,secret
k_fb634966f2,m_5a20b84bcc,2024-02-16 00:00:00.0000000,TEST,secret
k_fbd044194a,m_5ff0235905,2024-02-07 00:00:00.0000000,LIVE,secret
k_fbec1a9fca,m_9ccd8e2b37,2024-02-26 00:00:00.0000000,LIVE,secret
k_fc3990ccab,m_dcc3f47e35,2024-02-26 00:00:00.0000000,TEST,secret
k_fc9b7fa512,m_3829da0d98,2024-01-13 00:00:00.0000000,TEST,secret
k_fca0667c42,m_2c89fbd79c,2024-02-28 00:00:00.0000000,TEST,secret
k_fcb90444c8,m_47879f784c,2024-01-26 00:00:00.0000000,LIVE,secret
k_fce984075e,m_e3bc986270,2024-01-23 00:00:00.0000000,TEST,secret
k_fd2e91e550,m_c3cad3331d,2024-01-21 00:00:00.0000000,TEST,secret
k_fd44a9cdaa,m_90203a4037,2024-02-06 00:00:00.0000000,LIVE,secret
k_fddfff1264,m_50be243ae4,2024-02-04 00:00:00.0000000,TEST,secret
k_fe1b4745fb,m_afc4334094,2024-02-19 00:00:00.0000000,TEST,secret
k_ff0c9af575,m_490667463d,2024-03-01 00:00:00.0000000,TEST,secret
k_ff48e9fdec,m_d7b5593d5b,2024-01-20 00:00:00.0000000,TEST,secret
k_ffa3e46e8b,m_0963313c5e,2024-02-22 00:00:00.0000000,TEST,secret
k_ffddb6f9a5,m_de71462a6a,2024-03-05 00:00:00.0000000,LIVE,secret
